dataset,subset,jurisdiction,task_type,instruction_language,prompt_language,answer_language,instruction_length,prompt_length,answer_length
BVADecisions,bva_decisions_label,{'US': 8818},{'TEXT_CLASSIFICATION': 8818},{'en': 8818},{'en': 8818},{'en': 8818},"{'count': 8818.0, 'mean': 43.88478112950782, 'std': 46.54618141567613, 'min': 12.0, '25%': 28.0, '50%': 33.0, '75%': 34.0, 'max': 180.0}","{'count': 8818.0, 'mean': 23.44647312315718, 'std': 16.031467989458477, 'min': 1.0, '25%': 12.0, '50%': 21.0, '75%': 32.0, 'max': 205.0}","{'count': 8818.0, 'mean': 3.0, 'std': 0.0, 'min': 3.0, '25%': 3.0, '50%': 3.0, '75%': 3.0, 'max': 3.0}"
BVADecisions,bva_decisions_qa,{'US': 2},{'QUESTION_ANSWERING': 2},{'en': 2},{'en': 2},{'en': 2},"{'count': 2.0, 'mean': 24.0, 'std': 14.142135623730951, 'min': 14.0, '25%': 19.0, '50%': 24.0, '75%': 29.0, 'max': 34.0}","{'count': 2.0, 'mean': 20.0, 'std': 22.627416997969522, 'min': 4.0, '25%': 12.0, '50%': 20.0, '75%': 28.0, 'max': 36.0}","{'count': 2.0, 'mean': 298.5, 'std': 67.17514421272202, 'min': 251.0, '25%': 274.75, '50%': 298.5, '75%': 322.25, 'max': 346.0}"
BrCAD5,brcad5_judgment,{'BRAZIL': 612961},{'TEXT_CLASSIFICATION': 612961},{'en': 612961},{'pt': 612961},{'pt': 612961},"{'count': 612961.0, 'mean': 12.299692802641603, 'std': 0.6402803608396305, 'min': 11.0, '25%': 12.0, '50%': 12.0, '75%': 13.0, 'max': 13.0}","{'count': 612961.0, 'mean': 1375.4643672272787, 'std': 972.1729431779949, 'min': 22.0, '25%': 683.0, '50%': 1104.0, '75%': 1803.0, 'max': 5997.0}","{'count': 612961.0, 'mean': 2.79318260052434, 'std': 0.40502374050871476, 'min': 2.0, '25%': 3.0, '50%': 3.0, '75%': 3.0, 'max': 3.0}"
BrCAD5,brcad5_law_area,{'BRAZIL': 612961},{'TEXT_CLASSIFICATION': 612961},{'en': 612961},{'pt': 612961},{'pt': 612961},"{'count': 612961.0, 'mean': 10.400560557686378, 'std': 1.1995953154965233, 'min': 9.0, '25%': 10.0, '50%': 10.0, '75%': 11.0, 'max': 13.0}","{'count': 612961.0, 'mean': 1375.4643672272787, 'std': 972.1729431779949, 'min': 22.0, '25%': 683.0, '50%': 1104.0, '75%': 1803.0, 'max': 5997.0}","{'count': 612961.0, 'mean': 7.8111723258086565, 'std': 0.44788127939297967, 'min': 4.0, '25%': 8.0, '50%': 8.0, '75%': 8.0, 'max': 9.0}"
BrCAD5,brcad5_mc,{'BRAZIL': 1225922},{'TEXT_CLASSIFICATION': 1225922},{'en': 1225922},{'pt': 1225922},{'pt': 1225922},"{'count': 1225922.0, 'mean': 18.497942772868093, 'std': 4.033483486887544, 'min': 11.0, '25%': 15.0, '50%': 20.0, '75%': 23.0, 'max': 24.0}","{'count': 1225922.0, 'mean': 1394.4643672272787, 'std': 972.1725466707397, 'min': 41.0, '25%': 702.0, '50%': 1123.0, '75%': 1822.0, 'max': 6016.0}","{'count': 1225922.0, 'mean': 2.0, 'std': 0.0, 'min': 2.0, '25%': 2.0, '50%': 2.0, '75%': 2.0, 'max': 2.0}"
BrCAD5,brcad5_topic,{'BRAZIL': 1838883},{'TEXT_CLASSIFICATION': 1838883},"{'fi': 80376, 'es': 80299, 'it': 80232, 'ro': 80177, 'cs': 80165, 'nl': 80110, 'sk': 80096, 'lv': 80077, 'pt': 80052, 'fr': 80035, 'en': 80025, 'de': 80008, 'bg': 79966, 'ga': 79893, 'sv': 79885, 'pl': 79858, 'da': 79784, 'hu': 79762, 'sl': 79754, 'et': 79702, 'el': 79605, 'lt': 79562, 'hr': 79460}",{'pt': 1838883},{'pt': 1838883},"{'count': 1838883.0, 'mean': 13.60387746256831, 'std': 3.1284186607044293, 'min': 8.0, '25%': 11.0, '50%': 13.0, '75%': 15.0, 'max': 23.0}","{'count': 1838883.0, 'mean': 1375.4643672272787, 'std': 972.1724145017624, 'min': 22.0, '25%': 683.0, '50%': 1104.0, '75%': 1803.0, 'max': 5997.0}","{'count': 1838883.0, 'mean': 4.582840778885878, 'std': 2.0399885253604286, 'min': 2.0, '25%': 3.0, '50%': 4.0, '75%': 6.0, 'max': 17.0}"
BrazilianBarExam,brazilian_bar_exam,{'BRAZIL': 2130},{'QUESTION_ANSWERING': 2130},{'en': 2130},{'pt': 2130},{'pt': 2130},"{'count': 2130.0, 'mean': 10.742253521126761, 'std': 1.3164239073174608, 'min': 8.0, '25%': 10.0, '50%': 11.0, '75%': 12.0, 'max': 13.0}","{'count': 2130.0, 'mean': 154.81737089201877, 'std': 59.51371735920404, 'min': 19.0, '25%': 113.0, '50%': 149.0, '75%': 191.0, 'max': 372.0}","{'count': 2130.0, 'mean': 2.0, 'std': 0.0, 'min': 2.0, '25%': 2.0, '50%': 2.0, '75%': 2.0, 'max': 2.0}"
CABarExamEssays,MainSubset,{'US': 62},{'QUESTION_ANSWERING': 62},{'zxx': 62},{'en': 62},{'en': 62},"{'count': 62.0, 'mean': 0.0, 'std': 0.0, 'min': 0.0, '25%': 0.0, '50%': 0.0, '75%': 0.0, 'max': 0.0}","{'count': 62.0, 'mean': 0.0, 'std': 0.0, 'min': 0.0, '25%': 0.0, '50%': 0.0, '75%': 0.0, 'max': 0.0}","{'count': 62.0, 'mean': 18913.064516129034, 'std': 7659.611563731209, 'min': 7208.0, '25%': 12925.75, '50%': 18762.0, '75%': 25088.25, 'max': 33380.0}"
CAIL2019,cail_2019,{'CHINA': 39333},{'QUESTION_ANSWERING': 39333},{'en': 39333},{'zh': 39333},{'zh': 39333},"{'count': 39333.0, 'mean': 29.506063610708566, 'std': 2.057076125037001, 'min': 27.0, '25%': 28.0, '50%': 30.0, '75%': 31.0, 'max': 33.0}","{'count': 39333.0, 'mean': 3.0037881676963365, 'std': 0.14068193042456612, 'min': 3.0, '25%': 3.0, '50%': 3.0, '75%': 3.0, 'max': 13.0}","{'count': 39333.0, 'mean': 12.0, 'std': 0.0, 'min': 12.0, '25%': 12.0, '50%': 12.0, '75%': 12.0, 'max': 12.0}"
CAIL2022,cail_2022_crime,{'CHINA': 10448},{'TEXT_CLASSIFICATION': 10448},{'en': 10448},{'zh': 10448},{'zh': 10448},"{'count': 10448.0, 'mean': 14.341405053598775, 'std': 1.7789492666541922, 'min': 11.0, '25%': 13.0, '50%': 15.0, '75%': 16.0, 'max': 17.0}","{'count': 10448.0, 'mean': 3.4088820826952526, 'std': 3.3173787823400347, 'min': 1.0, '25%': 1.0, '50%': 5.0, '75%': 5.0, 'max': 51.0}","{'count': 10448.0, 'mean': 2.0, 'std': 0.0, 'min': 2.0, '25%': 2.0, '50%': 2.0, '75%': 2.0, 'max': 2.0}"
CAIL2022,cail_2022_mc,{'CHINA': 5224},{'MULTIPLE_CHOICE': 5224},{'en': 5224},{'zh': 5224},{'zh': 5224},"{'count': 5224.0, 'mean': 18.730857580398162, 'std': 1.2599658828898102, 'min': 17.0, '25%': 17.0, '50%': 19.0, '75%': 20.0, 'max': 20.0}","{'count': 5224.0, 'mean': 12.534456355283307, 'std': 3.0229132583485305, 'min': 12.0, '25%': 12.0, '50%': 12.0, '75%': 12.0, 'max': 58.0}","{'count': 5224.0, 'mean': 3.0, 'std': 0.0, 'min': 3.0, '25%': 3.0, '50%': 3.0, '75%': 3.0, 'max': 3.0}"
CAIL2022,cail_2022_response,{'CHINA': 5224},{'QUESTION_ANSWERING': 5224},{'en': 5224},{'zh': 5224},{'zh': 5224},"{'count': 5224.0, 'mean': 12.80895865237366, 'std': 1.3245455717630061, 'min': 11.0, '25%': 12.0, '50%': 13.0, '75%': 14.0, 'max': 15.0}","{'count': 5224.0, 'mean': 2.3223583460949464, 'std': 2.0068401385262025, 'min': 2.0, '25%': 2.0, '50%': 2.0, '75%': 2.0, 'max': 38.0}","{'count': 5224.0, 'mean': 3.203675344563553, 'std': 1.2472669285274702, 'min': 3.0, '25%': 3.0, '50%': 3.0, '75%': 3.0, 'max': 21.0}"
COLIEE,coliee_task3_generate_entailed_question,{'JAPAN': 1774},{'QUESTION_GENERATION': 1774},{'en': 1774},"{'en': 887, 'jp': 887}","{'en': 887, 'jp': 887}","{'count': 1774.0, 'mean': 17.03551296505073, 'std': 1.937949254095818, 'min': 14.0, '25%': 16.0, '50%': 17.0, '75%': 17.0, 'max': 22.0}","{'count': 1774.0, 'mean': 57.50563697857948, 'std': 81.52073858761584, 'min': 2.0, '25%': 5.0, '50%': 21.5, '75%': 84.0, 'max': 751.0}","{'count': 1774.0, 'mean': 20.268320180383313, 'std': 22.300241660414372, 'min': 1.0, '25%': 2.0, '50%': 2.0, '75%': 36.0, 'max': 150.0}"
COLIEE,coliee_task3_passage_entailment,{'JAPAN': 125954},{'NATURAL_LANGUAGE_INFERENCE': 125954},{'en': 125954},"{'en': 62977, 'jp': 62977}",{'en': 125954},"{'count': 125954.0, 'mean': 23.007240738682377, 'std': 2.485969930847286, 'min': 18.0, '25%': 22.0, '50%': 23.0, '75%': 25.0, 'max': 26.0}","{'count': 125954.0, 'mean': 59.533726598599486, 'std': 65.15780889820245, 'min': 6.0, '25%': 7.0, '50%': 24.0, '75%': 98.0, 'max': 839.0}","{'count': 125954.0, 'mean': 2.9859154929577465, 'std': 0.11783990814730394, 'min': 2.0, '25%': 3.0, '50%': 3.0, '75%': 3.0, 'max': 3.0}"
COLIEE,coliee_task4,{'JAPAN': 1774},{'QUESTION_ANSWERING': 1774},{'en': 1774},"{'en': 887, 'jp': 887}","{'en': 887, 'jp': 887}","{'count': 1774.0, 'mean': 21.1978579481398, 'std': 1.2169029184903857, 'min': 19.0, '25%': 20.0, '50%': 21.0, '75%': 22.0, 'max': 23.0}","{'count': 1774.0, 'mean': 57.010146561443065, 'std': 82.32004529583374, 'min': 2.0, '25%': 6.0, '50%': 18.0, '75%': 84.75, 'max': 803.0}","{'count': 1774.0, 'mean': 23.76381059751973, 'std': 24.394206091392004, 'min': 3.0, '25%': 4.0, '50%': 7.0, '75%': 37.0, 'max': 167.0}"
CaseBriefs,case_briefs,{'US': 2619},{'QUESTION_ANSWERING': 2619},{'en': 2619},{'en': 2619},{'en': 2619},"{'count': 2619.0, 'mean': 26.641084383352425, 'std': 4.428733672343225, 'min': 14.0, '25%': 26.0, '50%': 28.0, '75%': 29.0, 'max': 30.0}","{'count': 2619.0, 'mean': 0.0, 'std': 0.0, 'min': 0.0, '25%': 0.0, '50%': 0.0, '75%': 0.0, 'max': 0.0}","{'count': 2619.0, 'mean': 368.82321496754486, 'std': 159.18047273016296, 'min': 8.0, '25%': 260.0, '50%': 336.0, '75%': 452.5, 'max': 1876.0}"
ChangeMyView,change_my_view,{'UNKNOWN': 3456},{'ARGUMENTATION': 3456},{'en': 3456},{'en': 3456},{'en': 3456},"{'count': 3456.0, 'mean': 9.232060185185185, 'std': 2.1142400338736382, 'min': 7.0, '25%': 8.0, '50%': 9.0, '75%': 10.0, 'max': 15.0}","{'count': 3456.0, 'mean': 333.2760416666667, 'std': 288.0945267450401, 'min': 1.0, '25%': 169.0, '50%': 266.0, '75%': 402.0, 'max': 3596.0}","{'count': 3456.0, 'mean': 280.35648148148147, 'std': 227.21229788699748, 'min': 47.0, '25%': 129.0, '50%': 213.0, '75%': 353.0, 'max': 1726.0}"
CiviproQuestions,civipro_questions_generate_from_passage,{'US': 3},{'QUESTION_ANSWERING': 3},{'en': 3},{'en': 3},{'en': 3},"{'count': 3.0, 'mean': 20.333333333333332, 'std': 2.3094010767585034, 'min': 19.0, '25%': 19.0, '50%': 19.0, '75%': 21.0, 'max': 23.0}","{'count': 3.0, 'mean': 354.0, 'std': 239.02301144450507, 'min': 216.0, '25%': 216.0, '50%': 216.0, '75%': 423.0, 'max': 630.0}","{'count': 3.0, 'mean': 178.66666666666666, 'std': 305.9956426705017, 'min': 2.0, '25%': 2.0, '50%': 2.0, '75%': 267.0, 'max': 532.0}"
CiviproQuestions,civipro_questions_generate_no_passage,{'US': 3},{'QUESTION_ANSWERING': 3},{'en': 3},{'en': 3},{'en': 3},"{'count': 3.0, 'mean': 19.0, 'std': 2.6457513110645907, 'min': 17.0, '25%': 17.5, '50%': 18.0, '75%': 20.0, 'max': 22.0}","{'count': 3.0, 'mean': 354.0, 'std': 239.02301144450507, 'min': 216.0, '25%': 216.0, '50%': 216.0, '75%': 423.0, 'max': 630.0}","{'count': 3.0, 'mean': 178.66666666666666, 'std': 305.9956426705017, 'min': 2.0, '25%': 2.0, '50%': 2.0, '75%': 267.0, 'max': 532.0}"
CiviproQuestions,civipro_questions_no_explanation,{'US': 3},{'QUESTION_ANSWERING': 3},{'en': 3},{'en': 3},{'en': 3},"{'count': 3.0, 'mean': 16.333333333333332, 'std': 7.094598884597588, 'min': 10.0, '25%': 12.5, '50%': 15.0, '75%': 19.5, 'max': 24.0}","{'count': 3.0, 'mean': 354.0, 'std': 239.02301144450507, 'min': 216.0, '25%': 216.0, '50%': 216.0, '75%': 423.0, 'max': 630.0}","{'count': 3.0, 'mean': 178.66666666666666, 'std': 305.9956426705017, 'min': 2.0, '25%': 2.0, '50%': 2.0, '75%': 267.0, 'max': 532.0}"
ContractNLI,contract_nli,{'US': 14010},{'NATURAL_LANGUAGE_INFERENCE': 14010},{'en': 14010},{'en': 14010},{'en': 14010},"{'count': 14010.0, 'mean': 16.339685938615276, 'std': 3.2521119350111696, 'min': 10.0, '25%': 13.0, '50%': 17.0, '75%': 18.0, 'max': 21.0}","{'count': 14010.0, 'mean': 922.1900785153462, 'std': 1080.2778667148918, 'min': 17.0, '25%': 92.0, '50%': 396.0, '75%': 1559.0, 'max': 8454.0}","{'count': 14010.0, 'mean': 2.0, 'std': 0.0, 'min': 2.0, '25%': 2.0, '50%': 2.0, '75%': 2.0, 'max': 2.0}"
EOIRPrivacy,eoir_privacy,{'US': 8089},{'TEXT_CLASSIFICATION': 8089},{'en': 8089},{'en': 8089},{'en': 8089},"{'count': 8089.0, 'mean': 17.94090740511806, 'std': 3.2222288667763883, 'min': 10.0, '25%': 18.0, '50%': 18.0, '75%': 20.0, 'max': 22.0}","{'count': 8089.0, 'mean': 274.24119174187166, 'std': 117.81753946548552, 'min': 99.0, '25%': 174.0, '50%': 248.0, '75%': 373.0, 'max': 662.0}","{'count': 8089.0, 'mean': 2.780318951662752, 'std': 0.41405613129095525, 'min': 2.0, '25%': 3.0, '50%': 3.0, '75%': 3.0, 'max': 3.0}"
EdgarNER,MainSubset,{'US': 11642},{'NAMED_ENTITY_RECOGNITION': 11642},{'en': 11642},{'en': 11642},{'ner': 11642},"{'count': 11642.0, 'mean': 38.0, 'std': 0.0, 'min': 38.0, '25%': 38.0, '50%': 38.0, '75%': 38.0, 'max': 38.0}","{'count': 11642.0, 'mean': 2.0, 'std': 0.0, 'min': 2.0, '25%': 2.0, '50%': 2.0, '75%': 2.0, 'max': 2.0}","{'count': 11642.0, 'mean': 4.0, 'std': 0.0, 'min': 4.0, '25%': 4.0, '50%': 4.0, '75%': 4.0, 'max': 4.0}"
Ell18GreekNER,MainSubset,{'GREECE': 623731},{'NAMED_ENTITY_RECOGNITION': 623731},{'en': 623731},{'el': 623731},{'ner': 623731},"{'count': 623731.0, 'mean': 94.0, 'std': 0.0, 'min': 94.0, '25%': 94.0, '50%': 94.0, '75%': 94.0, 'max': 94.0}","{'count': 623731.0, 'mean': 1.9999983967447506, 'std': 0.0012661971605790689, 'min': 1.0, '25%': 2.0, '50%': 2.0, '75%': 2.0, 'max': 2.0}","{'count': 623731.0, 'mean': 3.9999983967447506, 'std': 0.0012661971605790689, 'min': 3.0, '25%': 4.0, '50%': 4.0, '75%': 4.0, 'max': 4.0}"
Ell4GreekNER,MainSubset,{'GREECE': 623731},{'NAMED_ENTITY_RECOGNITION': 623731},{'en': 623731},{'el': 623731},{'ner': 623731},"{'count': 623731.0, 'mean': 38.0, 'std': 0.0, 'min': 38.0, '25%': 38.0, '50%': 38.0, '75%': 38.0, 'max': 38.0}","{'count': 623731.0, 'mean': 1.9999983967447506, 'std': 0.0012661971605790689, 'min': 1.0, '25%': 2.0, '50%': 2.0, '75%': 2.0, 'max': 2.0}","{'count': 623731.0, 'mean': 3.9999983967447506, 'std': 0.0012661971605790689, 'min': 3.0, '25%': 4.0, '50%': 4.0, '75%': 4.0, 'max': 4.0}"
EurLexSum,bulgarian,{'EU': 957},{'SUMMARIZATION': 957},"{'pl': 49, 'hr': 49, 'de': 48, 'ga': 47, 'ro': 47, 'fi': 47, 'nl': 45, 'en': 45, 'bg': 44, 'et': 43, 'sv': 43, 'lt': 41, 'sk': 40, 'hu': 40, 'el': 40, 'fr': 40, 'da': 39, 'it': 39, 'lv': 37, 'cs': 36, 'es': 34, 'sl': 32, 'pt': 32}",{'bg': 957},{'bg': 957},"{'count': 957.0, 'mean': 7.681295715778474, 'std': 3.003449062187549, 'min': 4.0, '25%': 6.0, '50%': 7.0, '75%': 8.0, 'max': 21.0}","{'count': 957.0, 'mean': 14282.968652037618, 'std': 46837.11716434731, 'min': 641.0, '25%': 3254.0, '50%': 5533.0, '75%': 10909.0, 'max': 1088304.0}","{'count': 957.0, 'mean': 825.876698014629, 'std': 363.68189444289203, 'min': 319.0, '25%': 578.0, '50%': 729.0, '75%': 968.0, 'max': 2952.0}"
EurLexSum,croatian,{'EU': 903},{'SUMMARIZATION': 903},"{'sl': 56, 'de': 47, 'cs': 46, 'ga': 45, 'sv': 45, 'ro': 44, 'lv': 43, 'lt': 42, 'nl': 42, 'fi': 42, 'fr': 40, 'sk': 40, 'bg': 39, 'el': 37, 'et': 36, 'en': 35, 'es': 35, 'hu': 35, 'pt': 34, 'hr': 32, 'da': 30, 'pl': 29, 'it': 29}",{'hr': 903},{'hr': 903},"{'count': 903.0, 'mean': 7.705426356589148, 'std': 2.9958662227223507, 'min': 4.0, '25%': 6.0, '50%': 7.0, '75%': 8.0, 'max': 21.0}","{'count': 903.0, 'mean': 11168.458471760798, 'std': 23271.90784955297, 'min': 557.0, '25%': 2962.5, '50%': 4954.0, '75%': 9948.5, 'max': 321755.0}","{'count': 903.0, 'mean': 719.7862679955704, 'std': 320.5512293403694, 'min': 283.0, '25%': 505.0, '50%': 639.0, '75%': 840.0, 'max': 2595.0}"
EurLexSum,czech,{'EU': 984},{'SUMMARIZATION': 984},"{'hr': 60, 'cs': 55, 'pl': 52, 'sv': 50, 'hu': 50, 'pt': 48, 'da': 48, 'nl': 46, 'et': 44, 'es': 44, 'lv': 44, 'sl': 42, 'en': 42, 'fr': 41, 'de': 41, 'it': 39, 'bg': 38, 'ro': 38, 'lt': 35, 'el': 34, 'ga': 33, 'sk': 32, 'fi': 28}",{'cs': 984},{'cs': 984},"{'count': 984.0, 'mean': 7.466463414634147, 'std': 2.6808717878541746, 'min': 4.0, '25%': 6.0, '50%': 7.0, '75%': 8.0, 'max': 21.0}","{'count': 984.0, 'mean': 13194.086382113821, 'std': 47690.129004881026, 'min': 555.0, '25%': 2719.5, '50%': 4778.0, '75%': 9589.5, 'max': 1076478.0}","{'count': 984.0, 'mean': 722.7205284552846, 'std': 320.7744540984552, 'min': 272.0, '25%': 505.0, '50%': 638.0, '75%': 855.0, 'max': 2581.0}"
EurLexSum,danish,{'EU': 1002},{'SUMMARIZATION': 1002},"{'fi': 56, 'it': 56, 'et': 51, 'lt': 50, 'ga': 48, 'cs': 48, 'nl': 47, 'de': 47, 'hu': 47, 'lv': 45, 'en': 44, 'el': 43, 'sv': 43, 'es': 42, 'sk': 39, 'bg': 39, 'hr': 39, 'pt': 38, 'ro': 38, 'sl': 38, 'pl': 36, 'fr': 36, 'da': 32}",{'da': 1002},{'da': 1002},"{'count': 1002.0, 'mean': 7.703592814371257, 'std': 2.9073208545526836, 'min': 4.0, '25%': 6.0, '50%': 7.0, '75%': 8.0, 'max': 21.0}","{'count': 1002.0, 'mean': 12596.218562874252, 'std': 44235.04930595234, 'min': 486.0, '25%': 2801.0, '50%': 4849.5, '75%': 9694.5, 'max': 1081726.0}","{'count': 1002.0, 'mean': 722.2245508982036, 'std': 321.3065336831177, 'min': 231.0, '25%': 506.25, '50%': 642.0, '75%': 854.5, 'max': 2602.0}"
EurLexSum,dutch,{'EU': 1001},{'SUMMARIZATION': 1001},"{'et': 60, 'sl': 53, 'pt': 50, 'it': 49, 'da': 49, 'fi': 48, 'es': 48, 'nl': 47, 'pl': 46, 'ga': 45, 'lv': 44, 'fr': 43, 'sk': 43, 'de': 42, 'lt': 41, 'hu': 40, 'el': 39, 'sv': 38, 'ro': 37, 'en': 36, 'hr': 36, 'cs': 35, 'bg': 32}",{'nl': 1001},{'nl': 1001},"{'count': 1001.0, 'mean': 7.697302697302697, 'std': 2.9616351424986025, 'min': 4.0, '25%': 6.0, '50%': 7.0, '75%': 8.0, 'max': 21.0}","{'count': 1001.0, 'mean': 13879.886113886114, 'std': 45796.1315393453, 'min': 609.0, '25%': 3238.0, '50%': 5534.0, '75%': 10629.0, 'max': 1088270.0}","{'count': 1001.0, 'mean': 841.3406593406594, 'std': 375.7725786099417, 'min': 314.0, '25%': 583.0, '50%': 739.0, '75%': 1014.0, 'max': 3100.0}"
EurLexSum,english,{'EU': 1129},{'SUMMARIZATION': 1129},"{'lv': 62, 'da': 57, 'hu': 56, 'sv': 55, 'pt': 53, 'fi': 53, 'bg': 51, 'nl': 51, 'en': 51, 'it': 51, 'fr': 50, 'sk': 50, 'hr': 49, 'pl': 48, 'ro': 47, 'es': 46, 'el': 46, 'ga': 45, 'cs': 44, 'et': 43, 'de': 43, 'lt': 39, 'sl': 39}",{'en': 1129},{'en': 1129},"{'count': 1129.0, 'mean': 7.654561558901683, 'std': 2.78631391265109, 'min': 4.0, '25%': 6.0, '50%': 7.0, '75%': 8.0, 'max': 21.0}","{'count': 1129.0, 'mean': 12883.963684676704, 'std': 43726.2512937622, 'min': 392.0, '25%': 2734.0, '50%': 4819.0, '75%': 9751.0, 'max': 1087218.0}","{'count': 1129.0, 'mean': 784.050487156776, 'std': 356.3962081736566, 'min': 193.0, '25%': 545.0, '50%': 695.0, '75%': 934.0, 'max': 2931.0}"
EurLexSum,estonian,{'EU': 957},{'SUMMARIZATION': 957},"{'ro': 58, 'es': 52, 'pt': 50, 'it': 50, 'en': 47, 'fi': 45, 'bg': 45, 'sk': 44, 'nl': 42, 'et': 42, 'sl': 41, 'hu': 40, 'pl': 39, 'cs': 39, 'da': 39, 'sv': 39, 'el': 38, 'hr': 38, 'ga': 37, 'de': 36, 'fr': 36, 'lt': 33, 'lv': 27}",{'et': 957},{'et': 957},"{'count': 957.0, 'mean': 7.622779519331243, 'std': 2.7192217164435912, 'min': 4.0, '25%': 6.0, '50%': 7.0, '75%': 8.0, 'max': 21.0}","{'count': 957.0, 'mean': 11508.077324973876, 'std': 46095.022156395775, 'min': 531.0, '25%': 2245.0, '50%': 4016.0, '75%': 8068.0, 'max': 1068158.0}","{'count': 957.0, 'mean': 588.0407523510971, 'std': 260.71370383391314, 'min': 218.0, '25%': 411.0, '50%': 519.0, '75%': 695.0, 'max': 2177.0}"
EurLexSum,finnish,{'EU': 991},{'SUMMARIZATION': 991},"{'ga': 56, 'hr': 52, 'ro': 52, 'cs': 51, 'fi': 51, 'fr': 47, 'et': 47, 'nl': 46, 'el': 45, 'it': 45, 'lt': 44, 'sk': 44, 'sl': 42, 'de': 41, 'da': 40, 'pt': 40, 'sv': 39, 'pl': 39, 'en': 38, 'hu': 37, 'bg': 33, 'lv': 33, 'es': 29}",{'fi': 991},{'fi': 991},"{'count': 991.0, 'mean': 7.822401614530777, 'std': 3.284297302601605, 'min': 4.0, '25%': 6.0, '50%': 7.0, '75%': 8.0, 'max': 21.0}","{'count': 991.0, 'mean': 10480.153380423815, 'std': 41990.82894956231, 'min': 460.0, '25%': 2209.5, '50%': 3803.0, '75%': 7657.0, 'max': 1068164.0}","{'count': 991.0, 'mean': 580.795156407669, 'std': 258.60861855838743, 'min': 223.0, '25%': 405.0, '50%': 514.0, '75%': 686.5, 'max': 2122.0}"
EurLexSum,french,{'EU': 1130},{'SUMMARIZATION': 1130},"{'bg': 64, 'it': 59, 'en': 57, 'pt': 56, 'lv': 56, 'et': 54, 'nl': 53, 'pl': 52, 'ga': 51, 'ro': 51, 'de': 50, 'fr': 50, 'fi': 49, 'sk': 49, 'el': 47, 'sl': 47, 'sv': 46, 'hu': 41, 'cs': 41, 'da': 40, 'hr': 40, 'lt': 40, 'es': 37}",{'fr': 1130},{'fr': 1130},"{'count': 1130.0, 'mean': 7.666371681415929, 'std': 2.9216552153575326, 'min': 4.0, '25%': 6.0, '50%': 7.0, '75%': 8.0, 'max': 21.0}","{'count': 1130.0, 'mean': 13868.85221238938, 'std': 45312.29230211774, 'min': 384.0, '25%': 2951.5, '50%': 5217.0, '75%': 10687.75, 'max': 1093675.0}","{'count': 1130.0, 'mean': 900.6088495575221, 'std': 406.4665571735704, 'min': 193.0, '25%': 626.0, '50%': 800.5, '75%': 1066.0, 'max': 3310.0}"
EurLexSum,german,{'EU': 1115},{'SUMMARIZATION': 1115},"{'el': 60, 'hu': 60, 'fi': 56, 'de': 54, 'lv': 53, 'ga': 51, 'sl': 51, 'lt': 51, 'hr': 51, 'sv': 50, 'nl': 50, 'pt': 50, 'pl': 50, 'ro': 50, 'et': 49, 'fr': 48, 'it': 46, 'bg': 44, 'en': 43, 'sk': 43, 'da': 39, 'cs': 34, 'es': 32}",{'de': 1115},{'de': 1115},"{'count': 1115.0, 'mean': 7.67085201793722, 'std': 2.9079539733489184, 'min': 4.0, '25%': 6.0, '50%': 7.0, '75%': 8.0, 'max': 21.0}","{'count': 1115.0, 'mean': 11737.471748878923, 'std': 42097.087393351394, 'min': 360.0, '25%': 2509.5, '50%': 4377.0, '75%': 8855.5, 'max': 1080484.0}","{'count': 1115.0, 'mean': 757.7829596412556, 'std': 342.0580670783122, 'min': 172.0, '25%': 525.0, '50%': 669.0, '75%': 910.0, 'max': 2907.0}"
EurLexSum,greek,{'EU': 993},{'SUMMARIZATION': 993},"{'hu': 59, 'ro': 52, 'en': 52, 'el': 49, 'hr': 49, 'cs': 47, 'lv': 45, 'nl': 45, 'ga': 44, 'fr': 44, 'da': 44, 'fi': 43, 'sv': 42, 'pl': 41, 'sl': 41, 'pt': 40, 'bg': 39, 'lt': 39, 'et': 38, 'es': 37, 'it': 36, 'sk': 36, 'de': 31}",{'el': 993},{'el': 993},"{'count': 993.0, 'mean': 7.7260825780463245, 'std': 2.8704372034834233, 'min': 4.0, '25%': 6.0, '50%': 7.0, '75%': 8.0, 'max': 21.0}","{'count': 993.0, 'mean': 14269.007049345419, 'std': 46600.21886226543, 'min': 650.0, '25%': 3296.0, '50%': 5598.0, '75%': 11017.0, 'max': 1089846.0}","{'count': 993.0, 'mean': 868.5981873111782, 'std': 381.75741309945545, 'min': 290.0, '25%': 608.0, '50%': 774.0, '75%': 1017.0, 'max': 3217.0}"
EurLexSum,hungarian,{'EU': 961},{'SUMMARIZATION': 961},"{'cs': 52, 'lt': 51, 'el': 49, 'es': 46, 'sv': 45, 'ro': 44, 'it': 44, 'bg': 44, 'ga': 42, 'sl': 42, 'en': 42, 'nl': 41, 'lv': 41, 'fi': 40, 'fr': 40, 'hu': 39, 'de': 39, 'hr': 39, 'pt': 39, 'et': 38, 'pl': 38, 'da': 35, 'sk': 31}",{'hu': 961},{'hu': 961},"{'count': 961.0, 'mean': 7.68054110301769, 'std': 2.987286623939725, 'min': 4.0, '25%': 6.0, '50%': 7.0, '75%': 8.0, 'max': 21.0}","{'count': 961.0, 'mean': 12961.893860561915, 'std': 47810.403218306536, 'min': 549.0, '25%': 2689.0, '50%': 4676.0, '75%': 9382.0, 'max': 1075652.0}","{'count': 961.0, 'mean': 710.146722164412, 'std': 310.95799272867833, 'min': 259.0, '25%': 499.0, '50%': 630.0, '75%': 830.0, 'max': 2537.0}"
EurLexSum,irish,{'EU': 16},{'SUMMARIZATION': 16},"{'sl': 3, 'cs': 2, 'et': 2, 'fr': 2, 'hu': 1, 'el': 1, 'lt': 1, 'hr': 1, 'es': 1, 'ro': 1, 'de': 1}",{'ga': 16},{'ga': 16},"{'count': 16.0, 'mean': 7.6875, 'std': 1.7017148213885114, 'min': 5.0, '25%': 6.0, '50%': 8.0, '75%': 8.25, 'max': 12.0}","{'count': 16.0, 'mean': 31438.875, 'std': 76160.2238931189, 'min': 794.0, '25%': 6932.25, '50%': 10300.5, '75%': 16168.5, 'max': 313671.0}","{'count': 16.0, 'mean': 966.4375, 'std': 404.90903813902037, 'min': 462.0, '25%': 742.5, '50%': 829.0, '75%': 987.0, 'max': 1878.0}"
EurLexSum,italian,{'EU': 1028},{'SUMMARIZATION': 1028},"{'ga': 59, 'es': 57, 'el': 57, 'sv': 50, 'it': 49, 'da': 47, 'hu': 47, 'en': 46, 'pl': 46, 'sl': 46, 'cs': 45, 'et': 45, 'bg': 43, 'nl': 42, 'ro': 41, 'lv': 41, 'hr': 41, 'sk': 40, 'de': 39, 'pt': 39, 'fr': 37, 'lt': 37, 'fi': 34}",{'it': 1028},{'it': 1028},"{'count': 1028.0, 'mean': 7.806420233463035, 'std': 3.1083136983234407, 'min': 4.0, '25%': 6.0, '50%': 7.0, '75%': 8.0, 'max': 21.0}","{'count': 1028.0, 'mean': 13785.295719844358, 'std': 45823.58257126065, 'min': 435.0, '25%': 3117.75, '50%': 5252.5, '75%': 10626.0, 'max': 1089322.0}","{'count': 1028.0, 'mean': 851.3317120622568, 'std': 382.47348761772264, 'min': 238.0, '25%': 593.0, '50%': 754.5, '75%': 998.25, 'max': 3064.0}"
EurLexSum,latvian,{'EU': 959},{'SUMMARIZATION': 959},"{'fi': 59, 'et': 54, 'it': 53, 'pl': 50, 'lt': 48, 'en': 48, 'ro': 48, 'hu': 44, 'hr': 43, 'sl': 41, 'ga': 41, 'el': 40, 'bg': 39, 'es': 38, 'de': 38, 'fr': 38, 'lv': 37, 'sk': 37, 'da': 35, 'nl': 34, 'cs': 34, 'pt': 33, 'sv': 27}",{'lv': 959},{'lv': 959},"{'count': 959.0, 'mean': 7.570385818561001, 'std': 2.8714633247734382, 'min': 4.0, '25%': 6.0, '50%': 7.0, '75%': 8.0, 'max': 21.0}","{'count': 959.0, 'mean': 12582.730969760167, 'std': 47571.306231076815, 'min': 568.0, '25%': 2569.5, '50%': 4483.0, '75%': 8941.0, 'max': 1072729.0}","{'count': 959.0, 'mean': 677.674661105318, 'std': 301.9677264590099, 'min': 266.0, '25%': 476.0, '50%': 607.0, '75%': 795.0, 'max': 2466.0}"
EurLexSum,lithuanian,{'EU': 960},{'SUMMARIZATION': 960},"{'es': 54, 'pt': 51, 'it': 49, 'hr': 47, 'fr': 46, 'cs': 46, 'sl': 45, 'ro': 45, 'ga': 44, 'sv': 44, 'da': 42, 'lv': 41, 'fi': 41, 'nl': 41, 'et': 40, 'bg': 39, 'en': 38, 'el': 38, 'sk': 38, 'pl': 36, 'de': 35, 'lt': 34, 'hu': 26}",{'lt': 960},{'lt': 960},"{'count': 960.0, 'mean': 7.64375, 'std': 2.9188114662291964, 'min': 4.0, '25%': 6.0, '50%': 7.0, '75%': 8.0, 'max': 21.0}","{'count': 960.0, 'mean': 12671.563541666666, 'std': 47692.1021380295, 'min': 515.0, '25%': 2534.5, '50%': 4513.5, '75%': 8873.75, 'max': 1074908.0}","{'count': 960.0, 'mean': 680.1416666666667, 'std': 302.10051696359244, 'min': 259.0, '25%': 477.75, '50%': 605.0, '75%': 793.75, 'max': 2457.0}"
EurLexSum,maltese,{'EU': 940},{'SUMMARIZATION': 940},"{'hu': 54, 'bg': 52, 'es': 51, 'fr': 51, 'pt': 50, 'ro': 48, 'lt': 48, 'hr': 45, 'it': 45, 'en': 43, 'sv': 39, 'sk': 39, 'et': 38, 'pl': 37, 'fi': 37, 'lv': 36, 'el': 35, 'ga': 35, 'nl': 34, 'sl': 34, 'da': 33, 'de': 28, 'cs': 28}",{'mt': 940},{'mt': 940},"{'count': 940.0, 'mean': 7.669148936170213, 'std': 2.762541412841914, 'min': 4.0, '25%': 6.0, '50%': 7.0, '75%': 8.0, 'max': 21.0}","{'count': 940.0, 'mean': 13455.397872340425, 'std': 49223.835602218605, 'min': 556.0, '25%': 2798.5, '50%': 4859.0, '75%': 9647.5, 'max': 1077695.0}","{'count': 940.0, 'mean': 689.0808510638298, 'std': 311.48230556964387, 'min': 272.0, '25%': 479.75, '50%': 610.0, '75%': 800.75, 'max': 2443.0}"
EurLexSum,polish,{'EU': 978},{'SUMMARIZATION': 978},"{'el': 53, 'nl': 50, 'hu': 50, 'en': 50, 'bg': 49, 'ro': 47, 'fr': 45, 'de': 45, 'fi': 44, 'sl': 43, 'ga': 43, 'sv': 43, 'sk': 42, 'es': 42, 'pt': 42, 'et': 41, 'cs': 40, 'da': 39, 'hr': 38, 'it': 36, 'lv': 34, 'lt': 31, 'pl': 31}",{'pl': 978},{'pl': 978},"{'count': 978.0, 'mean': 7.787321063394683, 'std': 2.9311028908573507, 'min': 4.0, '25%': 6.0, '50%': 7.0, '75%': 8.0, 'max': 21.0}","{'count': 978.0, 'mean': 12281.367075664622, 'std': 34830.32705820893, 'min': 487.0, '25%': 2800.5, '50%': 4893.0, '75%': 9675.75, 'max': 579088.0}","{'count': 978.0, 'mean': 746.8609406952966, 'std': 337.0581152687327, 'min': 291.0, '25%': 519.0, '50%': 660.5, '75%': 871.75, 'max': 2726.0}"
EurLexSum,portuguese,{'EU': 1001},{'SUMMARIZATION': 1001},"{'ga': 56, 'bg': 53, 'lv': 52, 'fr': 52, 'ro': 51, 'hr': 49, 'it': 48, 'el': 47, 'hu': 47, 'cs': 43, 'fi': 43, 'sl': 43, 'da': 43, 'lt': 42, 'nl': 42, 'pl': 41, 'et': 40, 'sk': 36, 'es': 36, 'pt': 35, 'de': 35, 'en': 34, 'sv': 33}",{'pt': 1001},{'pt': 1001},"{'count': 1001.0, 'mean': 7.817182817182817, 'std': 3.1240269613984535, 'min': 4.0, '25%': 6.0, '50%': 7.0, '75%': 8.0, 'max': 21.0}","{'count': 1001.0, 'mean': 13279.555444555444, 'std': 31724.783823647605, 'min': 625.0, '25%': 3327.0, '50%': 5657.0, '75%': 11233.0, 'max': 476056.0}","{'count': 1001.0, 'mean': 901.2837162837163, 'std': 404.2891235546356, 'min': 304.0, '25%': 629.0, '50%': 795.0, '75%': 1056.0, 'max': 3497.0}"
EurLexSum,romanian,{'EU': 978},{'SUMMARIZATION': 978},"{'hu': 55, 'it': 51, 'ro': 50, 'lt': 50, 'sl': 48, 'lv': 46, 'da': 46, 'fi': 46, 'bg': 45, 'cs': 45, 'sv': 44, 'el': 44, 'pl': 43, 'en': 41, 'de': 41, 'es': 40, 'hr': 40, 'fr': 39, 'ga': 38, 'pt': 36, 'sk': 36, 'nl': 29, 'et': 25}",{'ro': 978},{'ro': 978},"{'count': 978.0, 'mean': 7.59918200408998, 'std': 2.725759328272314, 'min': 4.0, '25%': 6.0, '50%': 7.0, '75%': 8.0, 'max': 21.0}","{'count': 978.0, 'mean': 14529.149284253579, 'std': 46933.06698824875, 'min': 577.0, '25%': 3315.25, '50%': 5568.0, '75%': 11292.75, 'max': 1087377.0}","{'count': 978.0, 'mean': 834.2126789366054, 'std': 369.5660513188288, 'min': 313.0, '25%': 582.0, '50%': 734.5, '75%': 971.5, 'max': 2816.0}"
EurLexSum,slovak,{'EU': 950},{'SUMMARIZATION': 950},"{'lt': 54, 'en': 52, 'el': 46, 'lv': 46, 'ga': 46, 'hu': 45, 'fi': 45, 'sl': 45, 'ro': 44, 'et': 43, 'bg': 43, 'nl': 41, 'da': 41, 'cs': 39, 'pt': 39, 'it': 38, 'de': 38, 'sv': 37, 'fr': 35, 'pl': 35, 'hr': 35, 'sk': 32, 'es': 31}",{'sk': 950},{'sk': 950},"{'count': 950.0, 'mean': 7.706315789473684, 'std': 2.9838098617555637, 'min': 4.0, '25%': 6.0, '50%': 7.0, '75%': 8.0, 'max': 21.0}","{'count': 950.0, 'mean': 12344.882105263157, 'std': 34513.540680100006, 'min': 617.0, '25%': 2804.5, '50%': 4830.0, '75%': 9792.0, 'max': 574586.0}","{'count': 950.0, 'mean': 736.36, 'std': 332.37907453481427, 'min': 285.0, '25%': 516.25, '50%': 649.5, '75%': 858.5, 'max': 2675.0}"
EurLexSum,slovenian,{'EU': 957},{'SUMMARIZATION': 957},"{'et': 54, 'fr': 53, 'ga': 53, 'da': 47, 'hu': 47, 'hr': 45, 'ro': 44, 'fi': 43, 'it': 43, 'lt': 42, 'sk': 42, 'en': 41, 'de': 40, 'bg': 40, 'pt': 39, 'el': 39, 'cs': 38, 'sl': 37, 'es': 36, 'lv': 35, 'nl': 35, 'pl': 33, 'sv': 31}",{'sl': 957},{'sl': 957},"{'count': 957.0, 'mean': 7.806687565308255, 'std': 3.1508843813285226, 'min': 4.0, '25%': 6.0, '50%': 7.0, '75%': 8.0, 'max': 21.0}","{'count': 957.0, 'mean': 12092.110762800417, 'std': 34371.63499461729, 'min': 575.0, '25%': 2732.0, '50%': 4834.0, '75%': 9442.0, 'max': 580461.0}","{'count': 957.0, 'mean': 718.5297805642633, 'std': 317.69232043214816, 'min': 292.0, '25%': 504.0, '50%': 637.0, '75%': 846.0, 'max': 2566.0}"
EurLexSum,spanish,{'EU': 1112},{'SUMMARIZATION': 1112},"{'nl': 58, 'es': 56, 'hr': 55, 'lt': 55, 'fi': 54, 'pt': 53, 'bg': 53, 'it': 52, 'lv': 51, 'de': 50, 'sl': 48, 'ga': 48, 'pl': 48, 'sv': 48, 'da': 47, 'hu': 47, 'el': 46, 'sk': 46, 'ro': 42, 'fr': 41, 'et': 40, 'cs': 38, 'en': 36}",{'es': 1112},{'es': 1112},"{'count': 1112.0, 'mean': 7.655575539568345, 'std': 2.878438018966556, 'min': 4.0, '25%': 6.0, '50%': 7.0, '75%': 8.0, 'max': 21.0}","{'count': 1112.0, 'mean': 14152.865107913669, 'std': 45761.81761075813, 'min': 478.0, '25%': 3085.0, '50%': 5502.0, '75%': 11004.5, 'max': 1096029.0}","{'count': 1112.0, 'mean': 939.8228417266187, 'std': 432.195985667198, 'min': 207.0, '25%': 653.5, '50%': 830.0, '75%': 1100.25, 'max': 3691.0}"
EurLexSum,swedish,{'EU': 987},{'SUMMARIZATION': 987},"{'lt': 54, 'el': 50, 'es': 50, 'et': 50, 'sv': 50, 'fr': 50, 'nl': 48, 'sk': 46, 'hu': 43, 'pl': 42, 'ga': 42, 'fi': 41, 'de': 41, 'bg': 41, 'ro': 41, 'lv': 39, 'en': 39, 'cs': 39, 'hr': 38, 'it': 37, 'pt': 37, 'da': 35, 'sl': 34}",{'sv': 987},{'sv': 987},"{'count': 987.0, 'mean': 7.711246200607903, 'std': 2.91298853378184, 'min': 4.0, '25%': 6.0, '50%': 7.0, '75%': 8.0, 'max': 21.0}","{'count': 987.0, 'mean': 11473.068895643364, 'std': 28634.860933605596, 'min': 611.0, '25%': 2811.0, '50%': 4787.0, '75%': 9518.0, 'max': 440092.0}","{'count': 987.0, 'mean': 723.5146909827761, 'std': 317.3006593994972, 'min': 270.0, '25%': 513.0, '50%': 641.0, '75%': 855.5, 'max': 2552.0}"
GermanLER,coarse,{'GERMANY': 53384},{'NAMED_ENTITY_RECOGNITION': 53384},{'en': 53384},{'de': 53384},{'ner': 53384},"{'count': 53384.0, 'mean': 40.0, 'std': 0.0, 'min': 40.0, '25%': 40.0, '50%': 40.0, '75%': 40.0, 'max': 40.0}","{'count': 53384.0, 'mean': 2.0, 'std': 0.0, 'min': 2.0, '25%': 2.0, '50%': 2.0, '75%': 2.0, 'max': 2.0}","{'count': 53384.0, 'mean': 4.0, 'std': 0.0, 'min': 4.0, '25%': 4.0, '50%': 4.0, '75%': 4.0, 'max': 4.0}"
GermanLER,fine,{'GERMANY': 53384},{'NAMED_ENTITY_RECOGNITION': 53384},{'en': 53384},{'de': 53384},{'ner': 53384},"{'count': 53384.0, 'mean': 64.0, 'std': 0.0, 'min': 64.0, '25%': 64.0, '50%': 64.0, '75%': 64.0, 'max': 64.0}","{'count': 53384.0, 'mean': 2.0, 'std': 0.0, 'min': 2.0, '25%': 2.0, '50%': 2.0, '75%': 2.0, 'max': 2.0}","{'count': 53384.0, 'mean': 4.0, 'std': 0.0, 'min': 4.0, '25%': 4.0, '50%': 4.0, '75%': 4.0, 'max': 4.0}"
GermanRentalAgreements,german_rental_agreements,{'GERMANY': 3292},{'TEXT_CLASSIFICATION': 3292},{'en': 3292},{'de': 3292},{'de': 3292},"{'count': 3292.0, 'mean': 13.044957472660997, 'std': 1.2639193158919715, 'min': 12.0, '25%': 12.0, '50%': 13.0, '75%': 13.0, 'max': 16.0}","{'count': 3292.0, 'mean': 24.671931956257595, 'std': 16.254113253701732, 'min': 4.0, '25%': 14.0, '50%': 22.0, '75%': 31.0, 'max': 161.0}","{'count': 3292.0, 'mean': 1.057108140947752, 'std': 0.23208438771471113, 'min': 1.0, '25%': 1.0, '50%': 1.0, '75%': 1.0, 'max': 2.0}"
ILDC,ildc,{'INDIA': 37387},{'TEXT_CLASSIFICATION': 37387},{'en': 37387},{'en': 37387},{'en': 37387},"{'count': 37387.0, 'mean': 24.808997779977, 'std': 2.183064212544133, 'min': 22.0, '25%': 23.0, '50%': 25.0, '75%': 27.0, 'max': 28.0}","{'count': 37387.0, 'mean': 3276.7346671302857, 'std': 6206.63271109542, 'min': 35.0, '25%': 1047.0, '50%': 2192.0, '75%': 3877.0, 'max': 412606.0}","{'count': 37387.0, 'mean': 3.0, 'std': 0.0, 'min': 3.0, '25%': 3.0, '50%': 3.0, '75%': 3.0, 'max': 3.0}"
IndianNER,MainSubset,{'INDIA': 9435},{'NAMED_ENTITY_RECOGNITION': 9435},{'en': 9435},{'en': 9435},{'ner': 9435},"{'count': 9435.0, 'mean': 36.0, 'std': 0.0, 'min': 36.0, '25%': 36.0, '50%': 36.0, '75%': 36.0, 'max': 36.0}","{'count': 9435.0, 'mean': 2.0, 'std': 0.0, 'min': 2.0, '25%': 2.0, '50%': 2.0, '75%': 2.0, 'max': 2.0}","{'count': 9435.0, 'mean': 4.0, 'std': 0.0, 'min': 4.0, '25%': 4.0, '50%': 4.0, '75%': 4.0, 'max': 4.0}"
IndianTextSegmentation,indian_text_segmentation,{'INDIA': 28986},{'TEXT_CLASSIFICATION': 28986},{'en': 28986},{'en': 28986},{'en': 28986},"{'count': 28986.0, 'mean': 53.28361967846546, 'std': 2.912675140629896, 'min': 49.0, '25%': 52.0, '50%': 52.0, '75%': 56.0, 'max': 57.0}","{'count': 28986.0, 'mean': 29.40526461050162, 'std': 24.16709867060841, 'min': 1.0, '25%': 14.0, '50%': 24.0, '75%': 38.0, 'max': 381.0}","{'count': 28986.0, 'mean': 2.507727868626233, 'std': 0.9584928828279682, 'min': 2.0, '25%': 2.0, '50%': 2.0, '75%': 3.0, 'max': 5.0}"
InternationalCitizenshipLawQuestions,international_citizenship_law_questions_mode_acq,{'INTERNATIONAL': 6460},{'QUESTION_ANSWERING': 6460},{'en': 6460},{'en': 6460},{'en': 6460},"{'count': 6460.0, 'mean': 25.396594427244583, 'std': 1.025448374465896, 'min': 24.0, '25%': 25.0, '50%': 25.0, '75%': 26.0, 'max': 27.0}","{'count': 6460.0, 'mean': 33.05201238390093, 'std': 7.82135777088902, 'min': 16.0, '25%': 27.0, '50%': 34.0, '75%': 38.0, 'max': 58.0}","{'count': 6460.0, 'mean': 26.5828173374613, 'std': 28.53406764498446, 'min': 8.0, '25%': 9.0, '50%': 9.0, '75%': 35.0, 'max': 403.0}"
InternationalCitizenshipLawQuestions,international_citizenship_law_questions_mode_loss,{'INTERNATIONAL': 2850},{'QUESTION_ANSWERING': 2850},{'en': 2850},{'en': 2850},{'en': 2850},"{'count': 2850.0, 'mean': 25.49017543859649, 'std': 1.4270889883933333, 'min': 24.0, '25%': 24.0, '50%': 25.0, '75%': 26.0, 'max': 28.0}","{'count': 2850.0, 'mean': 36.857894736842105, 'std': 8.649394246901723, 'min': 24.0, '25%': 31.0, '50%': 34.0, '75%': 41.0, 'max': 57.0}","{'count': 2850.0, 'mean': 23.589473684210525, 'std': 24.803033732758923, 'min': 9.0, '25%': 9.0, '50%': 9.0, '75%': 35.0, 'max': 269.0}"
JECQA,jec_qa,{'CHINA': 21072},{'QUESTION_ANSWERING': 21072},{'en': 21072},{'zh': 21072},{'zh': 21072},"{'count': 21072.0, 'mean': 21.99644077448747, 'std': 1.7322115443620272, 'min': 19.0, '25%': 20.0, '50%': 22.0, '75%': 23.0, 'max': 25.0}","{'count': 21072.0, 'mean': 9.000854214123008, 'std': 0.053355279272920955, 'min': 9.0, '25%': 9.0, '50%': 9.0, '75%': 9.0, 'max': 16.0}","{'count': 21072.0, 'mean': 2.9992881548974943, 'std': 0.026671560475043602, 'min': 2.0, '25%': 3.0, '50%': 3.0, '75%': 3.0, 'max': 3.0}"
KoreanLegalQA,korean_legal_qa,{'SOUTH_KOREA': 1830},{'QUESTION_ANSWERING': 1830},{'en': 1830},{'ko': 1830},{'ko': 1830},"{'count': 1830.0, 'mean': 11.579234972677595, 'std': 2.0021872852145393, 'min': 6.0, '25%': 11.0, '50%': 12.0, '75%': 13.0, 'max': 14.0}","{'count': 1830.0, 'mean': 47.32568306010929, 'std': 21.3242289610955, 'min': 3.0, '25%': 33.0, '50%': 44.0, '75%': 58.0, 'max': 156.0}","{'count': 1830.0, 'mean': 251.8535519125683, 'std': 110.79366434503761, 'min': 30.0, '25%': 176.0, '50%': 231.0, '75%': 309.0, 'max': 835.0}"
LEXTREME,brazilian_court_decisions_judgment,{'BRAZIL': 3234},{'TEXT_CLASSIFICATION': 3234},{'en': 3234},{'pt': 3234},{'pt': 3234},"{'count': 3234.0, 'mean': 29.56679035250464, 'std': 4.3442234679035705, 'min': 26.0, '25%': 27.0, '50%': 27.0, '75%': 32.0, 'max': 42.0}","{'count': 3234.0, 'mean': 119.81508967223253, 'std': 98.55409272993799, 'min': 13.0, '25%': 60.0, '50%': 89.0, '75%': 146.75, 'max': 1401.0}","{'count': 3234.0, 'mean': 2.0, 'std': 0.0, 'min': 2.0, '25%': 2.0, '50%': 2.0, '75%': 2.0, 'max': 2.0}"
LEXTREME,brazilian_court_decisions_unanimity,{'BRAZIL': 1715},{'TEXT_CLASSIFICATION': 1715},{'en': 1715},{'pt': 1715},{'pt': 1715},"{'count': 1715.0, 'mean': 23.458309037900875, 'std': 2.4653691367188464, 'min': 21.0, '25%': 22.0, '50%': 22.0, '75%': 24.0, 'max': 30.0}","{'count': 1715.0, 'mean': 128.3206997084548, 'std': 110.69500292600836, 'min': 14.0, '25%': 61.0, '50%': 93.0, '75%': 162.0, 'max': 1401.0}","{'count': 1715.0, 'mean': 2.0, 'std': 0.0, 'min': 2.0, '25%': 2.0, '50%': 2.0, '75%': 2.0, 'max': 2.0}"
LEXTREME,covid19_emergency_event,{'UNKNOWN': 3312},{'TEXT_CLASSIFICATION': 3312},{'en': 3312},"{'fr': 1416, 'it': 742, 'en': 648, 'nb': 221, 'nl': 135, 'hu': 75, 'pl': 75}","{'fr': 1416, 'it': 742, 'en': 648, 'nb': 221, 'nl': 135, 'hu': 75, 'pl': 75}","{'count': 3312.0, 'mean': 79.36986714975845, 'std': 1.4345599217167757, 'min': 76.0, '25%': 79.0, '50%': 79.0, '75%': 80.0, 'max': 82.0}","{'count': 3312.0, 'mean': 38.06219806763285, 'std': 28.151696697355877, 'min': 2.0, '25%': 21.0, '50%': 33.0, '75%': 48.0, 'max': 580.0}","{'count': 3312.0, 'mean': 2.0, 'std': 0.0, 'min': 2.0, '25%': 2.0, '50%': 2.0, '75%': 2.0, 'max': 2.0}"
LEXTREME,german_argument_mining,{'GERMANY': 19271},{'TEXT_CLASSIFICATION': 19271},{'en': 19271},{'de': 19271},{'de': 19271},"{'count': 19271.0, 'mean': 37.21275491671423, 'std': 0.9716720602689995, 'min': 35.0, '25%': 37.0, '50%': 38.0, '75%': 38.0, 'max': 38.0}","{'count': 19271.0, 'mean': 30.93658865653054, 'std': 22.214604694202468, 'min': 1.0, '25%': 16.0, '50%': 26.0, '75%': 41.0, 'max': 243.0}","{'count': 19271.0, 'mean': 2.0, 'std': 0.0, 'min': 2.0, '25%': 2.0, '50%': 2.0, '75%': 2.0, 'max': 2.0}"
LEXTREME,greek_legal_code_chapter,{'GREECE': 28536},{'TEXT_CLASSIFICATION': 28536},{'en': 28536},{'el': 28536},{'el': 28536},"{'count': 28536.0, 'mean': 30.41778805719092, 'std': 1.8511939117694114, 'min': 27.0, '25%': 30.0, '50%': 30.0, '75%': 32.0, 'max': 33.0}","{'count': 28536.0, 'mean': 601.4416176058312, 'std': 2532.6779270992597, 'min': 4.0, '25%': 37.0, '50%': 80.0, '75%': 333.0, 'max': 146310.0}","{'count': 28536.0, 'mean': 3.3225399495374264, 'std': 1.0368595395373204, 'min': 2.0, '25%': 3.0, '50%': 3.0, '75%': 4.0, 'max': 10.0}"
LEXTREME,greek_legal_code_subject,{'GREECE': 28536},{'TEXT_CLASSIFICATION': 28536},{'en': 28536},{'el': 28536},{'el': 28536},"{'count': 28536.0, 'mean': 30.41778805719092, 'std': 1.8511939117694114, 'min': 27.0, '25%': 30.0, '50%': 30.0, '75%': 32.0, 'max': 33.0}","{'count': 28536.0, 'mean': 601.4416176058312, 'std': 2532.6779270992597, 'min': 4.0, '25%': 37.0, '50%': 80.0, '75%': 333.0, 'max': 146310.0}","{'count': 28536.0, 'mean': 4.366624614522007, 'std': 1.7955064648501706, 'min': 2.0, '25%': 3.0, '50%': 4.0, '75%': 5.0, 'max': 16.0}"
LEXTREME,greek_legal_code_volume,{'GREECE': 28536},{'TEXT_CLASSIFICATION': 28536},{'en': 28536},{'el': 28536},{'el': 28536},"{'count': 28536.0, 'mean': 30.41778805719092, 'std': 1.8511939117694114, 'min': 27.0, '25%': 30.0, '50%': 30.0, '75%': 32.0, 'max': 33.0}","{'count': 28536.0, 'mean': 601.4416176058312, 'std': 2532.6779270992597, 'min': 4.0, '25%': 37.0, '50%': 80.0, '75%': 333.0, 'max': 146310.0}","{'count': 28536.0, 'mean': 3.3023198766470423, 'std': 0.8456256591180825, 'min': 2.0, '25%': 3.0, '50%': 3.0, '75%': 3.0, 'max': 7.0}"
LEXTREME,greek_legal_ner,{'GREECE': 17699},{'NAMED_ENTITY_RECOGNITION': 17699},{'en': 17699},{'el': 17699},{'el': 17699},"{'count': 17699.0, 'mean': 40.41183117690265, 'std': 0.8043826497035581, 'min': 39.0, '25%': 40.0, '50%': 40.0, '75%': 41.0, 'max': 42.0}","{'count': 17699.0, 'mean': 2.0, 'std': 0.0, 'min': 2.0, '25%': 2.0, '50%': 2.0, '75%': 2.0, 'max': 2.0}","{'count': 17699.0, 'mean': 4.0, 'std': 0.0, 'min': 4.0, '25%': 4.0, '50%': 4.0, '75%': 4.0, 'max': 4.0}"
LEXTREME,legalnero,{'ROMANIA': 7552},{'NAMED_ENTITY_RECOGNITION': 7552},{'en': 7552},{'ro': 7552},{'ro': 7552},"{'count': 7552.0, 'mean': 35.707759533898304, 'std': 2.1698511267454696, 'min': 34.0, '25%': 34.0, '50%': 35.0, '75%': 36.0, 'max': 40.0}","{'count': 7552.0, 'mean': 2.3532838983050848, 'std': 3.0649059255679263, 'min': 2.0, '25%': 2.0, '50%': 2.0, '75%': 2.0, 'max': 139.0}","{'count': 7552.0, 'mean': 4.0, 'std': 0.0, 'min': 4.0, '25%': 4.0, '50%': 4.0, '75%': 4.0, 'max': 4.0}"
LEXTREME,lener_br,{'BRAZIL': 7828},{'NAMED_ENTITY_RECOGNITION': 7828},{'en': 7828},{'pt': 7828},{'pt': 7828},"{'count': 7828.0, 'mean': 41.903679100664284, 'std': 0.8305657922079418, 'min': 41.0, '25%': 41.0, '50%': 42.0, '75%': 43.0, 'max': 43.0}","{'count': 7828.0, 'mean': 1.9998722534491569, 'std': 0.01130250197271061, 'min': 1.0, '25%': 2.0, '50%': 2.0, '75%': 2.0, 'max': 2.0}","{'count': 7828.0, 'mean': 4.0, 'std': 0.0, 'min': 4.0, '25%': 4.0, '50%': 4.0, '75%': 4.0, 'max': 4.0}"
LEXTREME,mapa_coarse,{'EU': 27823},{'NAMED_ENTITY_RECOGNITION': 27823},{'en': 27823},"{'el': 1529, 'ro': 1480, 'cs': 1464, 'de': 1457, 'da': 1455, 'sv': 1453, 'lt': 1413, 'it': 1411, 'bg': 1411, 'fi': 1398, 'sk': 1395, 'et': 1391, 'nl': 1391, 'hu': 1390, 'lv': 1383, 'ga': 1383, 'fr': 1297, 'pt': 1086, 'mt': 937, 'en': 893, 'es': 806}","{'el': 1529, 'ro': 1480, 'cs': 1464, 'de': 1457, 'da': 1455, 'sv': 1453, 'lt': 1413, 'it': 1411, 'bg': 1411, 'fi': 1398, 'sk': 1395, 'et': 1391, 'nl': 1391, 'hu': 1390, 'lv': 1383, 'ga': 1383, 'fr': 1297, 'pt': 1086, 'mt': 937, 'en': 893, 'es': 806}","{'count': 27823.0, 'mean': 37.39938180641915, 'std': 3.3224937119255777, 'min': 32.0, '25%': 35.0, '50%': 36.0, '75%': 40.0, 'max': 44.0}","{'count': 27823.0, 'mean': 2.0, 'std': 0.0, 'min': 2.0, '25%': 2.0, '50%': 2.0, '75%': 2.0, 'max': 2.0}","{'count': 27823.0, 'mean': 4.0, 'std': 0.0, 'min': 4.0, '25%': 4.0, '50%': 4.0, '75%': 4.0, 'max': 4.0}"
LEXTREME,mapa_fine,{'EU': 27823},{'NAMED_ENTITY_RECOGNITION': 27823},{'en': 27823},"{'el': 1529, 'ro': 1480, 'cs': 1464, 'de': 1457, 'da': 1455, 'sv': 1453, 'lt': 1413, 'it': 1411, 'bg': 1411, 'fi': 1398, 'sk': 1395, 'et': 1391, 'nl': 1391, 'hu': 1390, 'lv': 1383, 'ga': 1383, 'fr': 1297, 'pt': 1086, 'mt': 937, 'en': 893, 'es': 806}","{'el': 1529, 'ro': 1480, 'cs': 1464, 'de': 1457, 'da': 1455, 'sv': 1453, 'lt': 1413, 'it': 1411, 'bg': 1411, 'fi': 1398, 'sk': 1395, 'et': 1391, 'nl': 1391, 'hu': 1390, 'lv': 1383, 'ga': 1383, 'fr': 1297, 'pt': 1086, 'mt': 937, 'en': 893, 'es': 806}","{'count': 27823.0, 'mean': 83.7138338784459, 'std': 2.278357237313543, 'min': 81.0, '25%': 82.0, '50%': 84.0, '75%': 86.0, 'max': 87.0}","{'count': 27823.0, 'mean': 2.0, 'std': 0.0, 'min': 2.0, '25%': 2.0, '50%': 2.0, '75%': 2.0, 'max': 2.0}","{'count': 27823.0, 'mean': 4.378715451245372, 'std': 1.8082796986921066, 'min': 4.0, '25%': 4.0, '50%': 4.0, '75%': 4.0, 'max': 58.0}"
LEXTREME,multi_eurlex_level_1,{'EU': 1265000},{'TEXT_CLASSIFICATION': 1265000},{'en': 1265000},"{'bg': 55000, 'it': 55000, 'sl': 55000, 'sk': 55000, 'ro': 55000, 'pt': 55000, 'pl': 55000, 'nl': 55000, 'mt': 55000, 'lv': 55000, 'lt': 55000, 'hu': 55000, 'cs': 55000, 'hr': 55000, 'fr': 55000, 'fi': 55000, 'et': 55000, 'es': 55000, 'en': 55000, 'el': 55000, 'de': 55000, 'da': 55000, 'sv': 55000}","{'bg': 55000, 'it': 55000, 'sl': 55000, 'sk': 55000, 'ro': 55000, 'pt': 55000, 'pl': 55000, 'nl': 55000, 'mt': 55000, 'lv': 55000, 'lt': 55000, 'hu': 55000, 'cs': 55000, 'hr': 55000, 'fr': 55000, 'fi': 55000, 'et': 55000, 'es': 55000, 'en': 55000, 'el': 55000, 'de': 55000, 'da': 55000, 'sv': 55000}","{'count': 1265000.0, 'mean': 37.39889090909091, 'std': 1.5626764022865498, 'min': 35.0, '25%': 37.0, '50%': 37.0, '75%': 38.0, 'max': 41.0}","{'count': 1265000.0, 'mean': 724.7211691699605, 'std': 2183.884525533738, 'min': 2.0, '25%': 2.0, '50%': 291.0, '75%': 552.0, 'max': 151516.0}","{'count': 1265000.0, 'mean': 2.0, 'std': 0.0, 'min': 2.0, '25%': 2.0, '50%': 2.0, '75%': 2.0, 'max': 2.0}"
LEXTREME,multi_eurlex_level_2,{'EU': 911798},{'TEXT_CLASSIFICATION': 911798},{'en': 911798},"{'bg': 39644, 'da': 39644, 'de': 39644, 'el': 39644, 'en': 39644, 'es': 39644, 'et': 39644, 'fi': 39644, 'cs': 39644, 'nl': 39643, 'sl': 39643, 'sk': 39643, 'ro': 39643, 'pt': 39643, 'pl': 39643, 'hu': 39643, 'mt': 39643, 'lv': 39643, 'lt': 39643, 'it': 39643, 'hr': 39643, 'fr': 39643, 'sv': 39643}","{'bg': 39644, 'da': 39644, 'de': 39644, 'el': 39644, 'en': 39644, 'es': 39644, 'et': 39644, 'fi': 39644, 'cs': 39644, 'nl': 39643, 'sl': 39643, 'sk': 39643, 'ro': 39643, 'pt': 39643, 'pl': 39643, 'hu': 39643, 'mt': 39643, 'lv': 39643, 'lt': 39643, 'it': 39643, 'hr': 39643, 'fr': 39643, 'sv': 39643}","{'count': 911798.0, 'mean': 37.39707917762487, 'std': 1.562538677160157, 'min': 35.0, '25%': 37.0, '50%': 37.0, '75%': 38.0, 'max': 41.0}","{'count': 911798.0, 'mean': 713.607516138443, 'std': 2104.190277123226, 'min': 2.0, '25%': 2.0, '50%': 290.0, '75%': 552.0, 'max': 151516.0}","{'count': 911798.0, 'mean': 2.0, 'std': 0.0, 'min': 2.0, '25%': 2.0, '50%': 2.0, '75%': 2.0, 'max': 2.0}"
LEXTREME,multi_eurlex_level_3,{'EU': 1265000},{'TEXT_CLASSIFICATION': 1265000},{'en': 1265000},"{'bg': 55000, 'it': 55000, 'sl': 55000, 'sk': 55000, 'ro': 55000, 'pt': 55000, 'pl': 55000, 'nl': 55000, 'mt': 55000, 'lv': 55000, 'lt': 55000, 'hu': 55000, 'cs': 55000, 'hr': 55000, 'fr': 55000, 'fi': 55000, 'et': 55000, 'es': 55000, 'en': 55000, 'el': 55000, 'de': 55000, 'da': 55000, 'sv': 55000}","{'bg': 55000, 'it': 55000, 'sl': 55000, 'sk': 55000, 'ro': 55000, 'pt': 55000, 'pl': 55000, 'nl': 55000, 'mt': 55000, 'lv': 55000, 'lt': 55000, 'hu': 55000, 'cs': 55000, 'hr': 55000, 'fr': 55000, 'fi': 55000, 'et': 55000, 'es': 55000, 'en': 55000, 'el': 55000, 'de': 55000, 'da': 55000, 'sv': 55000}","{'count': 1265000.0, 'mean': 37.39889090909091, 'std': 1.5626764022865498, 'min': 35.0, '25%': 37.0, '50%': 37.0, '75%': 38.0, 'max': 41.0}","{'count': 1265000.0, 'mean': 724.7211691699605, 'std': 2183.884525533738, 'min': 2.0, '25%': 2.0, '50%': 291.0, '75%': 552.0, 'max': 151516.0}","{'count': 1265000.0, 'mean': 2.0, 'std': 0.0, 'min': 2.0, '25%': 2.0, '50%': 2.0, '75%': 2.0, 'max': 2.0}"
LEXTREME,online_terms_of_service_clause_topics,{'UNKNOWN': 19942},{'TEXT_CLASSIFICATION': 19942},{'en': 19942},"{'en': 5378, 'pl': 5278, 'it': 4806, 'de': 4480}","{'en': 5378, 'pl': 5278, 'it': 4806, 'de': 4480}","{'count': 19942.0, 'mean': 74.0920168488617, 'std': 2.513153293289104, 'min': 70.0, '25%': 72.0, '50%': 75.0, '75%': 76.0, 'max': 78.0}","{'count': 19942.0, 'mean': 22.129575769732224, 'std': 19.0658859598099, 'min': 2.0, '25%': 9.0, '50%': 19.0, '75%': 30.0, 'max': 281.0}","{'count': 19942.0, 'mean': 2.0, 'std': 0.0, 'min': 2.0, '25%': 2.0, '50%': 2.0, '75%': 2.0, 'max': 2.0}"
LEXTREME,online_terms_of_service_unfairness_levels,{'UNKNOWN': 2074},{'TEXT_CLASSIFICATION': 2074},{'en': 2074},"{'pl': 540, 'en': 526, 'it': 517, 'de': 491}","{'pl': 540, 'en': 526, 'it': 517, 'de': 491}","{'count': 2074.0, 'mean': 26.337994214079075, 'std': 1.1078081112498561, 'min': 24.0, '25%': 26.0, '50%': 26.0, '75%': 27.0, 'max': 28.0}","{'count': 2074.0, 'mean': 35.766634522661526, 'std': 26.405362155423617, 'min': 6.0, '25%': 20.0, '50%': 29.0, '75%': 43.0, 'max': 281.0}","{'count': 2074.0, 'mean': 2.0, 'std': 0.0, 'min': 2.0, '25%': 2.0, '50%': 2.0, '75%': 2.0, 'max': 2.0}"
LEXTREME,swiss_judgment_prediction,{'SWITZERLAND': 59709},{'TEXT_CLASSIFICATION': 59709},{'en': 59709},"{'de': 35458, 'fr': 21179, 'it': 3072}","{'de': 35458, 'fr': 21179, 'it': 3072}","{'count': 59709.0, 'mean': 36.191495419451, 'std': 1.3320067569785015, 'min': 34.0, '25%': 36.0, '50%': 36.0, '75%': 37.0, 'max': 38.0}","{'count': 59709.0, 'mean': 515.7006816392839, 'std': 402.8005959123763, 'min': 2.0, '25%': 266.0, '50%': 412.0, '75%': 641.0, 'max': 12543.0}","{'count': 59709.0, 'mean': 2.0, 'std': 0.0, 'min': 2.0, '25%': 2.0, '50%': 2.0, '75%': 2.0, 'max': 2.0}"
LawngNli,lawng_nli_entailment,{'US': 1142304},{'NATURAL_LANGUAGE_INFERENCE': 1142304},{'en': 1142304},{'en': 1142304},{'en': 1142304},"{'count': 1142304.0, 'mean': 15.895876229094881, 'std': 3.210848595803389, 'min': 8.0, '25%': 15.0, '50%': 16.0, '75%': 19.0, 'max': 19.0}","{'count': 1142304.0, 'mean': 2240.5778216656863, 'std': 2799.20405328931, 'min': 21.0, '25%': 598.0, '50%': 1165.0, '75%': 2981.0, 'max': 114619.0}","{'count': 1142304.0, 'mean': 2.0, 'std': 0.0, 'min': 2.0, '25%': 2.0, '50%': 2.0, '75%': 2.0, 'max': 2.0}"
LboxOpen,lbox_open_judgment,{'SOUTH_KOREA': 12142},{'TEXT_CLASSIFICATION': 12142},{'en': 12142},{'ko': 12142},{'ko': 12142},"{'count': 12142.0, 'mean': 20.49505847471586, 'std': 0.9270040036265867, 'min': 19.0, '25%': 20.0, '50%': 21.0, '75%': 21.0, 'max': 22.0}","{'count': 12142.0, 'mean': 185.03582605831, 'std': 145.17912427412995, 'min': 23.0, '25%': 102.0, '50%': 151.0, '75%': 223.0, 'max': 2806.0}","{'count': 12142.0, 'mean': 22.10270136715533, 'std': 13.017557129680995, 'min': 4.0, '25%': 12.0, '50%': 20.0, '75%': 26.0, 'max': 131.0}"
LboxOpen,lbox_open_statute,{'SOUTH_KOREA': 13317},{'TEXT_CLASSIFICATION': 13317},{'en': 13317},{'ko': 13317},{'ko': 13317},"{'count': 13317.0, 'mean': 12.824209656829616, 'std': 1.3494175842412597, 'min': 11.0, '25%': 12.0, '50%': 13.0, '75%': 13.0, 'max': 16.0}","{'count': 13317.0, 'mean': 133.09641811218742, 'std': 145.65936929136026, 'min': 7.0, '25%': 62.0, '50%': 96.0, '75%': 155.0, 'max': 3240.0}","{'count': 13317.0, 'mean': 7.246752271532627, 'std': 4.723753370187085, 'min': 3.0, '25%': 4.0, '50%': 6.0, '75%': 8.0, 'max': 57.0}"
LegalCaseDocumentSummarization,legal_case_summarization_india,{'INDIA': 7080},{'SUMMARIZATION': 7080},{'en': 7080},{'en': 7080},{'en': 7080},"{'count': 7080.0, 'mean': 13.221186440677966, 'std': 1.1399847356927277, 'min': 10.0, '25%': 13.0, '50%': 14.0, '75%': 14.0, 'max': 14.0}","{'count': 7080.0, 'mean': 4377.689830508474, 'std': 5100.183270943562, 'min': 95.0, '25%': 2025.0, '50%': 3154.5, '75%': 4991.25, 'max': 139647.0}","{'count': 7080.0, 'mean': 845.5196327683616, 'std': 899.4934503345016, 'min': 1.0, '25%': 423.0, '50%': 642.0, '75%': 976.0, 'max': 27769.0}"
LegalCaseDocumentSummarization,legal_case_summarization_uk,{'UK': 693},{'SUMMARIZATION': 693},{'en': 693},{'en': 693},{'en': 693},"{'count': 693.0, 'mean': 13.125541125541126, 'std': 1.1277361857885388, 'min': 10.0, '25%': 13.0, '50%': 13.0, '75%': 14.0, 'max': 14.0}","{'count': 693.0, 'mean': 14478.494949494949, 'std': 10933.703961987008, 'min': 1622.0, '25%': 7091.0, '50%': 10751.0, '75%': 18320.0, 'max': 68166.0}","{'count': 693.0, 'mean': 1098.3838383838383, 'std': 278.71928898187764, 'min': 331.0, '25%': 961.0, '50%': 1090.0, '75%': 1207.0, 'max': 3881.0}"
LegalQA,legal_qa,{'CHINA': 21946},{'QUESTION_ANSWERING': 21946},{'en': 21946},{'zh': 21946},{'zh': 21946},"{'count': 21946.0, 'mean': 19.48323156839515, 'std': 3.1700087594630797, 'min': 12.0, '25%': 18.0, '50%': 21.0, '75%': 22.0, 'max': 23.0}","{'count': 21946.0, 'mean': 2.7384489200765514, 'std': 2.6716463257374388, 'min': 2.0, '25%': 2.0, '50%': 2.0, '75%': 2.0, 'max': 53.0}","{'count': 21946.0, 'mean': 2.1428050669825938, 'std': 0.6938340853437552, 'min': 1.0, '25%': 2.0, '50%': 2.0, '75%': 2.0, 'max': 22.0}"
LexGLUE,case_hold,{'US': 45000},{'TEXT_CLASSIFICATION': 45000},{'en': 45000},{'en': 45000},{'en': 45000},"{'count': 45000.0, 'mean': 43.70177777777778, 'std': 2.4472290303193693, 'min': 39.0, '25%': 43.0, '50%': 44.0, '75%': 44.0, 'max': 49.0}","{'count': 45000.0, 'mean': 266.70264444444445, 'std': 42.106410447582256, 'min': 66.0, '25%': 238.0, '50%': 263.0, '75%': 291.0, 'max': 719.0}","{'count': 45000.0, 'mean': 2.0, 'std': 0.0, 'min': 2.0, '25%': 2.0, '50%': 2.0, '75%': 2.0, 'max': 2.0}"
LexGLUE,ecthr_a,{'EU': 9000},{'TEXT_CLASSIFICATION': 9000},{'en': 9000},{'en': 9000},{'en': 9000},"{'count': 9000.0, 'mean': 80.78277777777778, 'std': 4.449820613850643, 'min': 77.0, '25%': 77.0, '50%': 79.0, '75%': 82.0, 'max': 90.0}","{'count': 9000.0, 'mean': 1620.237111111111, 'std': 1995.1171266746344, 'min': 70.0, '25%': 481.75, '50%': 985.0, '75%': 2003.25, 'max': 35417.0}","{'count': 9000.0, 'mean': 2.0, 'std': 0.0, 'min': 2.0, '25%': 2.0, '50%': 2.0, '75%': 2.0, 'max': 2.0}"
LexGLUE,ecthr_b,{'EU': 9000},{'TEXT_CLASSIFICATION': 9000},{'en': 9000},{'en': 9000},{'en': 9000},"{'count': 9000.0, 'mean': 95.17211111111111, 'std': 3.3740148169481987, 'min': 89.0, '25%': 92.0, '50%': 95.0, '75%': 97.0, 'max': 101.0}","{'count': 9000.0, 'mean': 1620.237111111111, 'std': 1995.1171266746344, 'min': 70.0, '25%': 481.75, '50%': 985.0, '75%': 2003.25, 'max': 35417.0}","{'count': 9000.0, 'mean': 2.0, 'std': 0.0, 'min': 2.0, '25%': 2.0, '50%': 2.0, '75%': 2.0, 'max': 2.0}"
LexGLUE,eurlex,{'EU': 55000},{'TEXT_CLASSIFICATION': 55000},{'en': 55000},{'en': 55000},{'en': 55000},"{'count': 55000.0, 'mean': 40.108872727272725, 'std': 1.6386621778579793, 'min': 36.0, '25%': 40.0, '50%': 40.0, '75%': 41.0, 'max': 42.0}","{'count': 55000.0, 'mean': 1134.4306909090908, 'std': 2676.6536444412213, 'min': 9.0, '25%': 323.0, '50%': 454.0, '75%': 872.0, 'max': 140104.0}","{'count': 55000.0, 'mean': 2.0, 'std': 0.0, 'min': 2.0, '25%': 2.0, '50%': 2.0, '75%': 2.0, 'max': 2.0}"
LexGLUE,ledgar,{'US': 60000},{'TEXT_CLASSIFICATION': 60000},{'en': 60000},{'en': 60000},{'en': 60000},"{'count': 60000.0, 'mean': 27.41336666666667, 'std': 1.911968163767346, 'min': 25.0, '25%': 26.0, '50%': 28.0, '75%': 28.0, 'max': 31.0}","{'count': 60000.0, 'mean': 114.90426666666667, 'std': 96.26563104066554, 'min': 4.0, '25%': 49.0, '50%': 87.0, '75%': 149.0, 'max': 1216.0}","{'count': 60000.0, 'mean': 2.34315, 'std': 0.6326437239616185, 'min': 2.0, '25%': 2.0, '50%': 2.0, '75%': 3.0, 'max': 5.0}"
LexGLUE,scotus,{'US': 5000},{'TEXT_CLASSIFICATION': 5000},{'en': 5000},{'en': 5000},{'en': 5000},"{'count': 5000.0, 'mean': 64.301, 'std': 1.198284681215381, 'min': 62.0, '25%': 64.0, '50%': 64.0, '75%': 65.0, 'max': 66.0}","{'count': 5000.0, 'mean': 5854.5638, 'std': 5906.181292969481, 'min': 20.0, '25%': 1967.75, '50%': 4365.5, '75%': 7934.5, 'max': 88567.0}","{'count': 5000.0, 'mean': 2.0, 'std': 0.0, 'min': 2.0, '25%': 2.0, '50%': 2.0, '75%': 2.0, 'max': 2.0}"
LexGLUE,unfair_tos,{'UNKNOWN': 5532},{'TEXT_CLASSIFICATION': 5532},{'en': 5532},{'en': 5532},{'en': 5532},"{'count': 5532.0, 'mean': 72.99186550976138, 'std': 1.7311964163521323, 'min': 71.0, '25%': 72.0, '50%': 72.0, '75%': 74.0, 'max': 77.0}","{'count': 5532.0, 'mean': 33.283080260303684, 'std': 24.745549051308718, 'min': 7.0, '25%': 18.0, '50%': 27.0, '75%': 40.0, 'max': 442.0}","{'count': 5532.0, 'mean': 2.0, 'std': 0.0, 'min': 2.0, '25%': 2.0, '50%': 2.0, '75%': 2.0, 'max': 2.0}"
Littleton,littleton_events,{'US': 131},{'QUESTION_ANSWERING': 131},{'en': 131},{'en': 131},{'en': 131},"{'count': 131.0, 'mean': 18.557251908396946, 'std': 3.889157127081772, 'min': 12.0, '25%': 16.0, '50%': 18.0, '75%': 22.0, 'max': 24.0}","{'count': 131.0, 'mean': 15.49618320610687, 'std': 7.042043022831379, 'min': 1.0, '25%': 11.0, '50%': 14.0, '75%': 18.5, 'max': 38.0}","{'count': 131.0, 'mean': 10.17557251908397, 'std': 6.706461770366908, 'min': 2.0, '25%': 5.0, '50%': 8.0, '75%': 16.0, 'max': 26.0}"
Littleton,littleton_graph,{'US': 143},{'QUESTION_ANSWERING': 143},{'en': 143},{'en': 143},{'en': 143},"{'count': 143.0, 'mean': 26.314685314685313, 'std': 3.5926756093583787, 'min': 21.0, '25%': 22.0, '50%': 26.0, '75%': 29.0, 'max': 32.0}","{'count': 143.0, 'mean': 19.825174825174827, 'std': 6.362649245948373, 'min': 8.0, '25%': 15.0, '50%': 19.0, '75%': 24.0, 'max': 38.0}","{'count': 143.0, 'mean': 27.888111888111887, 'std': 12.635242962435951, 'min': 1.0, '25%': 21.0, '50%': 29.0, '75%': 35.0, 'max': 60.0}"
MAUD,answer,{'US': 10751},{'MULTIPLE_CHOICE': 10751},"{'bg': 514, 'hu': 505, 'ro': 500, 'sv': 496, 'en': 484, 'pt': 482, 'el': 482, 'es': 482, 'et': 479, 'de': 476, 'lt': 472, 'fi': 470, 'sk': 467, 'da': 462, 'ga': 460, 'lv': 458, 'pl': 453, 'hr': 451, 'fr': 448, 'sl': 437, 'nl': 434, 'it': 421, 'cs': 418}",{'en': 10751},{'en': 10751},"{'count': 10751.0, 'mean': 11.269463305739, 'std': 3.3410535144398814, 'min': 5.0, '25%': 9.0, '50%': 10.0, '75%': 13.0, 'max': 21.0}","{'count': 10751.0, 'mean': 436.8722909496791, 'std': 359.11655938394847, 'min': 19.0, '25%': 149.0, '50%': 316.0, '75%': 684.0, 'max': 2697.0}","{'count': 10751.0, 'mean': 5.9984187517440235, 'std': 2.4862968282218465, 'min': 4.0, '25%': 4.0, '50%': 5.0, '75%': 7.0, 'max': 13.0}"
MAUD,category,{'US': 25827},{'TEXT_CLASSIFICATION': 25827},"{'lt': 1165, 'fi': 1160, 'ga': 1155, 'cs': 1151, 'sk': 1147, 'bg': 1147, 'sl': 1144, 'da': 1136, 'hr': 1132, 'et': 1132, 'pt': 1131, 'fr': 1126, 'nl': 1124, 'lv': 1124, 'el': 1115, 'hu': 1111, 'sv': 1110, 'de': 1109, 'pl': 1105, 'es': 1094, 'it': 1080, 'en': 1076, 'ro': 1053}",{'en': 25827},{'en': 25827},"{'count': 25827.0, 'mean': 11.263096759205483, 'std': 3.3656307982180684, 'min': 5.0, '25%': 9.0, '50%': 10.0, '75%': 13.0, 'max': 21.0}","{'count': 25827.0, 'mean': 459.4736128857397, 'std': 370.8392529391293, 'min': 9.0, '25%': 139.0, '50%': 384.0, '75%': 713.0, 'max': 2666.0}","{'count': 25827.0, 'mean': 3.7581213458783442, 'std': 1.052850747786878, 'min': 1.0, '25%': 3.0, '50%': 3.0, '75%': 5.0, 'max': 5.0}"
MAUD,question,{'US': 25827},{'TEXT_CLASSIFICATION': 25827},"{'hr': 1171, 'lt': 1167, 'da': 1166, 'pl': 1165, 'hu': 1161, 'ro': 1161, 'sl': 1159, 'fr': 1145, 'bg': 1143, 'cs': 1140, 'en': 1134, 'it': 1131, 'el': 1114, 'lv': 1107, 'nl': 1103, 'sv': 1101, 'sk': 1101, 'et': 1095, 'de': 1094, 'fi': 1084, 'pt': 1066, 'ga': 1063, 'es': 1056}",{'en': 25827},{'en': 25827},"{'count': 25827.0, 'mean': 11.247338057072056, 'std': 3.2960485043029273, 'min': 5.0, '25%': 9.0, '50%': 10.0, '75%': 13.0, 'max': 21.0}","{'count': 25827.0, 'mean': 459.4736128857397, 'std': 370.8392529391293, 'min': 9.0, '25%': 139.0, '50%': 384.0, '75%': 713.0, 'max': 2666.0}","{'count': 25827.0, 'mean': 5.739884616873814, 'std': 2.4155410828308383, 'min': 2.0, '25%': 4.0, '50%': 5.0, '75%': 7.0, 'max': 14.0}"
MAUD,text_type,{'US': 25827},{'TEXT_CLASSIFICATION': 25827},"{'lt': 1196, 'en': 1161, 'sv': 1153, 'et': 1151, 'fr': 1135, 'pl': 1135, 'ro': 1133, 'es': 1129, 'el': 1128, 'da': 1127, 'fi': 1125, 'sk': 1121, 'lv': 1120, 'it': 1120, 'ga': 1114, 'bg': 1112, 'pt': 1109, 'cs': 1107, 'nl': 1102, 'hr': 1101, 'hu': 1094, 'de': 1082, 'sl': 1072}",{'en': 25827},{'en': 25827},"{'count': 25827.0, 'mean': 11.269446703062686, 'std': 3.345244010859806, 'min': 5.0, '25%': 9.0, '50%': 10.0, '75%': 13.0, 'max': 21.0}","{'count': 25827.0, 'mean': 460.4736128857397, 'std': 370.8392529391293, 'min': 10.0, '25%': 140.0, '50%': 385.0, '75%': 714.0, 'max': 2667.0}","{'count': 25827.0, 'mean': 4.145506640337631, 'std': 2.0825820679158618, 'min': 1.0, '25%': 2.0, '50%': 4.0, '75%': 6.0, 'max': 9.0}"
MBE,mbe_examples,{'US': 2396},{'MULTIPLE_CHOICE': 2396},{'en': 2396},{'en': 2396},{'en': 2396},"{'count': 2396.0, 'mean': 17.029632721202002, 'std': 2.7348287971662644, 'min': 12.0, '25%': 16.0, '50%': 18.0, '75%': 19.0, 'max': 20.0}","{'count': 2396.0, 'mean': 199.0772120200334, 'std': 69.5304703808974, 'min': 28.0, '25%': 149.0, '50%': 191.0, '75%': 243.0, 'max': 502.0}","{'count': 2396.0, 'mean': 100.23580968280467, 'std': 88.98446714758921, 'min': 4.0, '25%': 54.0, '50%': 81.0, '75%': 124.25, 'max': 1711.0}"
MBE,mbe_subject,{'US': 1915},{'MULTIPLE_CHOICE': 1915},{'en': 1915},{'en': 1915},{'en': 1915},"{'count': 1915.0, 'mean': 21.712793733681462, 'std': 0.7656539652656843, 'min': 20.0, '25%': 21.0, '50%': 22.0, '75%': 22.0, 'max': 23.0}","{'count': 1915.0, 'mean': 198.01201044386423, 'std': 65.96875833418831, 'min': 42.0, '25%': 151.0, '50%': 191.0, '75%': 238.0, 'max': 502.0}","{'count': 1915.0, 'mean': 2.493472584856397, 'std': 0.500087979360314, 'min': 2.0, '25%': 2.0, '50%': 2.0, '75%': 3.0, 'max': 3.0}"
MBE,mbe_subject_generation,{'US': 1915},{'MULTIPLE_CHOICE': 1915},{'en': 1915},{'en': 1915},{'en': 1915},"{'count': 1915.0, 'mean': 12.789556135770235, 'std': 5.515163438631237, 'min': 7.0, '25%': 7.0, '50%': 8.0, '75%': 18.0, 'max': 19.0}","{'count': 1915.0, 'mean': 0.0, 'std': 0.0, 'min': 0.0, '25%': 0.0, '50%': 0.0, '75%': 0.0, 'max': 0.0}","{'count': 1915.0, 'mean': 292.12428198433423, 'std': 97.424403136394, 'min': 53.0, '25%': 224.0, '50%': 280.0, '75%': 346.0, 'max': 1147.0}"
MCExamsLaw,mc_exams_law_explain,{'US': 71},{'MULTIPLE_CHOICE': 71},{'en': 71},{'en': 71},{'en': 71},"{'count': 71.0, 'mean': 13.605633802816902, 'std': 1.5536029391563766, 'min': 12.0, '25%': 12.0, '50%': 14.0, '75%': 14.0, 'max': 18.0}","{'count': 71.0, 'mean': 196.2112676056338, 'std': 100.61112058571398, 'min': 18.0, '25%': 125.0, '50%': 184.0, '75%': 245.0, 'max': 498.0}","{'count': 71.0, 'mean': 108.59154929577464, 'std': 68.85462479846085, 'min': 9.0, '25%': 61.5, '50%': 98.0, '75%': 142.5, 'max': 313.0}"
MCExamsLaw,mc_exams_law_no_explain,{'US': 71},{'MULTIPLE_CHOICE': 71},{'en': 71},{'en': 71},{'en': 71},"{'count': 71.0, 'mean': 9.464788732394366, 'std': 1.2742615330960794, 'min': 8.0, '25%': 8.0, '50%': 10.0, '75%': 10.0, 'max': 12.0}","{'count': 71.0, 'mean': 196.2112676056338, 'std': 100.61112058571398, 'min': 18.0, '25%': 125.0, '50%': 184.0, '75%': 245.0, 'max': 498.0}","{'count': 71.0, 'mean': 2.0, 'std': 0.0, 'min': 2.0, '25%': 2.0, '50%': 2.0, '75%': 2.0, 'max': 2.0}"
MiningLegalArguments,agent,{'EU': 31852},{'NAMED_ENTITY_RECOGNITION': 31852},{'en': 31852},{'en': 31852},{'en': 31852},"{'count': 31852.0, 'mean': 34.0, 'std': 0.0, 'min': 34.0, '25%': 34.0, '50%': 34.0, '75%': 34.0, 'max': 34.0}","{'count': 31852.0, 'mean': 2.0, 'std': 0.0, 'min': 2.0, '25%': 2.0, '50%': 2.0, '75%': 2.0, 'max': 2.0}","{'count': 31852.0, 'mean': 4.0, 'std': 0.0, 'min': 4.0, '25%': 4.0, '50%': 4.0, '75%': 4.0, 'max': 4.0}"
MiningLegalArguments,argType,{'EU': 31852},{'NAMED_ENTITY_RECOGNITION': 31852},{'en': 31852},{'en': 31852},{'en': 31852},"{'count': 31852.0, 'mean': 98.0, 'std': 0.0, 'min': 98.0, '25%': 98.0, '50%': 98.0, '75%': 98.0, 'max': 98.0}","{'count': 31852.0, 'mean': 2.0, 'std': 0.0, 'min': 2.0, '25%': 2.0, '50%': 2.0, '75%': 2.0, 'max': 2.0}","{'count': 31852.0, 'mean': 47.16969107120432, 'std': 128.3281654353787, 'min': 4.0, '25%': 4.0, '50%': 4.0, '75%': 4.0, 'max': 1570.0}"
MultiLexSum,long_to_short,{'US': 2210},{'SUMMARIZATION': 2210},"{'lt': 113, 'sk': 108, 'pt': 106, 'fi': 105, 'es': 105, 'pl': 104, 'it': 102, 'da': 101, 'hu': 99, 'ro': 99, 'ga': 98, 'fr': 96, 'sl': 93, 'nl': 93, 'el': 92, 'de': 92, 'et': 91, 'lv': 87, 'cs': 87, 'en': 87, 'bg': 86, 'sv': 85, 'hr': 81}",{'en': 2210},{'en': 2210},"{'count': 2210.0, 'mean': 9.929411764705883, 'std': 3.2647609032249125, 'min': 4.0, '25%': 8.0, '50%': 9.0, '75%': 11.0, 'max': 21.0}","{'count': 2210.0, 'mean': 686.4819004524887, 'std': 516.9225769445657, 'min': 101.0, '25%': 364.0, '50%': 556.5, '75%': 834.5, 'max': 8483.0}","{'count': 2210.0, 'mean': 113.92217194570135, 'std': 59.840351256973904, 'min': 20.0, '25%': 76.0, '50%': 101.0, '75%': 135.0, 'max': 621.0}"
MultiLexSum,long_to_tiny,{'US': 1130},{'SUMMARIZATION': 1130},"{'lt': 58, 'sk': 56, 'pt': 56, 'bg': 56, 'hr': 55, 'et': 55, 'lv': 54, 'ga': 53, 'el': 52, 'es': 51, 'sl': 51, 'hu': 49, 'de': 47, 'fi': 46, 'fr': 46, 'sv': 45, 'nl': 45, 'da': 45, 'ro': 44, 'it': 43, 'pl': 42, 'cs': 42, 'en': 39}",{'en': 1130},{'en': 1130},"{'count': 1130.0, 'mean': 9.903539823008849, 'std': 3.327487826476314, 'min': 4.0, '25%': 8.0, '50%': 9.0, '75%': 12.0, 'max': 21.0}","{'count': 1130.0, 'mean': 783.8, 'std': 569.4910169821676, 'min': 121.0, '25%': 446.25, '50%': 645.0, '75%': 935.5, 'max': 8483.0}","{'count': 1130.0, 'mean': 22.00353982300885, 'std': 8.166772849682207, 'min': 3.0, '25%': 16.0, '50%': 20.0, '75%': 28.0, 'max': 44.0}"
MultiLexSum,short_to_tiny,{'US': 1129},{'SUMMARIZATION': 1129},"{'hr': 60, 'sv': 60, 'bg': 58, 'fr': 58, 'lv': 56, 'el': 53, 'fi': 52, 'en': 51, 'lt': 49, 'sk': 49, 'cs': 49, 'et': 49, 'pl': 47, 'it': 47, 'pt': 46, 'ro': 45, 'da': 44, 'sl': 44, 'nl': 44, 'es': 44, 'de': 42, 'ga': 41, 'hu': 41}",{'en': 1129},{'en': 1129},"{'count': 1129.0, 'mean': 9.890168290522587, 'std': 3.0988989219383685, 'min': 4.0, '25%': 8.0, '50%': 9.0, '75%': 11.0, 'max': 21.0}","{'count': 1129.0, 'mean': 117.40389725420727, 'std': 61.87184924890151, 'min': 21.0, '25%': 79.0, '50%': 104.0, '75%': 137.0, 'max': 621.0}","{'count': 1129.0, 'mean': 22.006200177147917, 'std': 8.169902199491453, 'min': 3.0, '25%': 16.0, '50%': 20.0, '75%': 28.0, 'max': 44.0}"
NaturalInstructionsLegal,billsum_summarization,{'US': 25200},{'SUMMARIZATION': 25200},{'zxx': 25200},{'en': 25200},{'en': 25200},"{'count': 25200.0, 'mean': 0.0, 'std': 0.0, 'min': 0.0, '25%': 0.0, '50%': 0.0, '75%': 0.0, 'max': 0.0}","{'count': 25200.0, 'mean': 3473.3103968253968, 'std': 2178.4192918213985, 'min': 221.0, '25%': 1659.0, '50%': 3184.0, '75%': 4106.0, 'max': 9252.0}","{'count': 25200.0, 'mean': 178.90690476190477, 'std': 114.76133373539137, 'min': 10.0, '25%': 93.0, '50%': 159.0, '75%': 238.0, 'max': 776.0}"
NaturalInstructionsLegal,cail2018_answer_generation,{'CHINA': 5988},{'QUESTION_ANSWERING': 5988},{'zxx': 5988},{'zh': 5988},{'zh': 5988},"{'count': 5988.0, 'mean': 0.0, 'std': 0.0, 'min': 0.0, '25%': 0.0, '50%': 0.0, '75%': 0.0, 'max': 0.0}","{'count': 5988.0, 'mean': 67.0507682030728, 'std': 29.541076894100886, 'min': 19.0, '25%': 53.0, '50%': 68.5, '75%': 85.0, 'max': 126.0}","{'count': 5988.0, 'mean': 1.0, 'std': 0.0, 'min': 1.0, '25%': 1.0, '50%': 1.0, '75%': 1.0, 'max': 1.0}"
NaturalInstructionsLegal,casehold_legal_answer_generation,{'US': 38994},{'QUESTION_ANSWERING': 38994},{'zxx': 38994},{'en': 38994},{'en': 38994},"{'count': 38994.0, 'mean': 0.0, 'std': 0.0, 'min': 0.0, '25%': 0.0, '50%': 0.0, '75%': 0.0, 'max': 0.0}","{'count': 38994.0, 'mean': 736.6445350566754, 'std': 284.8287292722774, 'min': 185.0, '25%': 397.0, '50%': 822.0, '75%': 929.0, 'max': 4527.0}","{'count': 38994.0, 'mean': 1.0, 'std': 0.0, 'min': 1.0, '25%': 1.0, '50%': 1.0, '75%': 1.0, 'max': 1.0}"
NaturalInstructionsLegal,casehold_legal_incorrect_answer_generation,{'US': 38976},{'QUESTION_ANSWERING': 38976},{'zxx': 38976},{'en': 38976},{'en': 38976},"{'count': 38976.0, 'mean': 0.0, 'std': 0.0, 'min': 0.0, '25%': 0.0, '50%': 0.0, '75%': 0.0, 'max': 0.0}","{'count': 38976.0, 'mean': 763.4631568144499, 'std': 299.90888156940696, 'min': 191.0, '25%': 403.0, '50%': 852.0, '75%': 974.0, 'max': 4570.0}","{'count': 38976.0, 'mean': 24.82866379310345, 'std': 34.651999921666054, 'min': 2.0, '25%': 15.0, '50%': 22.0, '75%': 31.0, 'max': 3328.0}"
NaturalInstructionsLegal,cuad_answer_generation,{'US': 2442},{'QUESTION_ANSWERING': 2442},{'zxx': 2442},{'en': 2442},{'en': 2442},"{'count': 2442.0, 'mean': 0.0, 'std': 0.0, 'min': 0.0, '25%': 0.0, '50%': 0.0, '75%': 0.0, 'max': 0.0}","{'count': 2442.0, 'mean': 14888.953316953317, 'std': 12965.129542299941, 'min': 275.0, '25%': 5735.75, '50%': 9620.5, '75%': 21771.75, 'max': 74408.0}","{'count': 2442.0, 'mean': 1.0, 'std': 0.0, 'min': 1.0, '25%': 1.0, '50%': 1.0, '75%': 1.0, 'max': 1.0}"
NaturalInstructionsLegal,cuad_question_generation,{'US': 2442},{'QUESTION_GENERATION': 2442},{'zxx': 2442},{'en': 2442},{'en': 2442},"{'count': 2442.0, 'mean': 0.0, 'std': 0.0, 'min': 0.0, '25%': 0.0, '50%': 0.0, '75%': 0.0, 'max': 0.0}","{'count': 2442.0, 'mean': 14827.887796887797, 'std': 12961.120373898402, 'min': 234.0, '25%': 5684.25, '50%': 9558.0, '75%': 21719.0, 'max': 74343.0}","{'count': 2442.0, 'mean': 43.29238329238329, 'std': 7.843126982007523, 'min': 25.0, '25%': 38.0, '50%': 43.0, '75%': 51.0, 'max': 80.0}"
NaturalInstructionsLegal,eurlex_classification,{'EU': 5850},{'TEXT_CLASSIFICATION': 5850},{'zxx': 5850},{'en': 5850},{'en': 5850},"{'count': 5850.0, 'mean': 0.0, 'std': 0.0, 'min': 0.0, '25%': 0.0, '50%': 0.0, '75%': 0.0, 'max': 0.0}","{'count': 5850.0, 'mean': 617.3417094017094, 'std': 306.8272497298215, 'min': 133.0, '25%': 271.0, '50%': 675.0, '75%': 825.0, 'max': 1538.0}","{'count': 5850.0, 'mean': 1.0, 'std': 0.0, 'min': 1.0, '25%': 1.0, '50%': 1.0, '75%': 1.0, 'max': 1.0}"
NaturalInstructionsLegal,eurlex_summarization,{'EU': 3900},{'SUMMARIZATION': 3900},{'zxx': 3900},{'en': 3900},{'en': 3900},"{'count': 3900.0, 'mean': 0.0, 'std': 0.0, 'min': 0.0, '25%': 0.0, '50%': 0.0, '75%': 0.0, 'max': 0.0}","{'count': 3900.0, 'mean': 781.8287179487179, 'std': 518.8332585107213, 'min': 50.0, '25%': 447.0, '50%': 660.0, '75%': 1116.5, 'max': 3464.0}","{'count': 3900.0, 'mean': 23.192307692307693, 'std': 9.36125953626714, 'min': 7.0, '25%': 17.0, '50%': 22.0, '75%': 28.0, 'max': 66.0}"
NaturalInstructionsLegal,online_privacy_policy_text_information_type_generation,{'UNKNOWN': 18480},{'QUESTION_ANSWERING': 18480},{'zxx': 18480},{'en': 18480},{'en': 18480},"{'count': 18480.0, 'mean': 0.0, 'std': 0.0, 'min': 0.0, '25%': 0.0, '50%': 0.0, '75%': 0.0, 'max': 0.0}","{'count': 18480.0, 'mean': 120.79220779220779, 'std': 47.78375904013786, 'min': 47.0, '25%': 77.0, '50%': 116.0, '75%': 174.0, 'max': 216.0}","{'count': 18480.0, 'mean': 2.085064935064935, 'std': 1.2276527301432294, 'min': 1.0, '25%': 1.0, '50%': 2.0, '75%': 3.0, 'max': 5.0}"
NaturalInstructionsLegal,online_privacy_policy_text_purpose_answer_generation,{'UNKNOWN': 18474},{'QUESTION_ANSWERING': 18474},{'zxx': 18474},{'en': 18474},{'en': 18474},"{'count': 18474.0, 'mean': 0.0, 'std': 0.0, 'min': 0.0, '25%': 0.0, '50%': 0.0, '75%': 0.0, 'max': 0.0}","{'count': 18474.0, 'mean': 120.10376745696655, 'std': 50.98457137784986, 'min': 41.0, '25%': 71.0, '50%': 115.0, '75%': 175.0, 'max': 223.0}","{'count': 18474.0, 'mean': 1.4585904514452745, 'std': 0.7497025410357707, 'min': 1.0, '25%': 1.0, '50%': 1.0, '75%': 2.0, 'max': 4.0}"
NaturalInstructionsLegal,overruling_legal_classification,{'US': 14370},{'TEXT_CLASSIFICATION': 14370},{'zxx': 14370},{'en': 14370},{'en': 14370},"{'count': 14370.0, 'mean': 0.0, 'std': 0.0, 'min': 0.0, '25%': 0.0, '50%': 0.0, '75%': 0.0, 'max': 0.0}","{'count': 14370.0, 'mean': 126.75337508698678, 'std': 46.253151496255185, 'min': 36.0, '25%': 91.25, '50%': 121.0, '75%': 168.0, 'max': 322.0}","{'count': 14370.0, 'mean': 1.0, 'std': 0.0, 'min': 1.0, '25%': 1.0, '50%': 1.0, '75%': 1.0, 'max': 1.0}"
OLCMemos,olc_memos,{'US': 1038},{'QUESTION_ANSWERING': 1038},{'en': 1038},{'en': 1038},{'en': 1038},"{'count': 1038.0, 'mean': 11.544315992292871, 'std': 2.372589669533153, 'min': 9.0, '25%': 9.0, '50%': 11.0, '75%': 14.0, 'max': 15.0}","{'count': 1038.0, 'mean': 0.0, 'std': 0.0, 'min': 0.0, '25%': 0.0, '50%': 0.0, '75%': 0.0, 'max': 0.0}","{'count': 1038.0, 'mean': 5008.297687861272, 'std': 5044.98338728954, 'min': 247.0, '25%': 1855.5, '50%': 3578.0, '75%': 6367.75, 'max': 57970.0}"
PlainEnglishContractsSummarization,plain_english_contracts_summarization,{'UNKNOWN': 446},{'SUMMARIZATION': 446},{'en': 446},{'en': 446},{'en': 446},"{'count': 446.0, 'mean': 11.11883408071749, 'std': 1.2221750676578353, 'min': 8.0, '25%': 11.0, '50%': 12.0, '75%': 12.0, 'max': 12.0}","{'count': 446.0, 'mean': 102.89461883408072, 'std': 143.4084921175431, 'min': 8.0, '25%': 33.25, '50%': 59.5, '75%': 104.0, 'max': 1078.0}","{'count': 446.0, 'mean': 16.96412556053812, 'std': 11.344198736093016, 'min': 2.0, '25%': 10.0, '50%': 14.0, '75%': 19.0, 'max': 81.0}"
PrivacyQA,privacy_qa,{'UNKNOWN': 185200},{'QUESTION_ANSWERING': 185200},{'en': 185200},{'en': 185200},{'en': 185200},"{'count': 185200.0, 'mean': 17.20068574514039, 'std': 0.40051447288767916, 'min': 17.0, '25%': 17.0, '50%': 17.0, '75%': 17.0, 'max': 18.0}","{'count': 185200.0, 'mean': 33.031360691144705, 'std': 16.150659252219956, 'min': 7.0, '25%': 22.0, '50%': 31.0, '75%': 40.0, 'max': 223.0}","{'count': 185200.0, 'mean': 2.0, 'std': 0.0, 'min': 2.0, '25%': 2.0, '50%': 2.0, '75%': 2.0, 'max': 2.0}"
PrivacySummarization,privacy_summarization,{'UNKNOWN': 5751},{'TEXT_CLASSIFICATION': 5751},{'en': 5751},{'en': 5751},{'en': 5751},"{'count': 5751.0, 'mean': 12.211267605633802, 'std': 1.071878469681183, 'min': 10.0, '25%': 12.0, '50%': 12.0, '75%': 13.0, 'max': 14.0}","{'count': 5751.0, 'mean': 36.564423578508084, 'std': 50.57509247955467, 'min': 0.0, '25%': 16.0, '50%': 26.0, '75%': 39.0, 'max': 1263.0}","{'count': 5751.0, 'mean': 1.0, 'std': 0.0, 'min': 1.0, '25%': 1.0, '50%': 1.0, '75%': 1.0, 'max': 1.0}"
RedditLegalQA,reddit_legal_qa,{'UNKNOWN': 192953},{'QUESTION_ANSWERING': 192953},{'en': 192953},{'en': 192953},{'en': 192953},"{'count': 192953.0, 'mean': 21.791887143501267, 'std': 2.2805333664970746, 'min': 16.0, '25%': 21.0, '50%': 22.0, '75%': 23.0, 'max': 25.0}","{'count': 192953.0, 'mean': 247.311925702114, 'std': 227.5319430380193, 'min': 1.0, '25%': 105.0, '50%': 186.0, '75%': 318.0, 'max': 4717.0}","{'count': 192953.0, 'mean': 57.49276766881054, 'std': 58.68464119883234, 'min': 1.0, '25%': 21.0, '50%': 40.0, '75%': 73.0, 'max': 1421.0}"
Sara,sara_entailment,{'US': 176},{'NATURAL_LANGUAGE_INFERENCE': 176},{'en': 176},{'en': 176},{'en': 176},"{'count': 176.0, 'mean': 15.732954545454545, 'std': 4.157230440457316, 'min': 7.0, '25%': 14.0, '50%': 16.0, '75%': 18.0, 'max': 22.0}","{'count': 176.0, 'mean': 44.57386363636363, 'std': 16.118674134188453, 'min': 21.0, '25%': 36.0, '50%': 41.0, '75%': 52.25, 'max': 142.0}","{'count': 176.0, 'mean': 2.0, 'std': 0.0, 'min': 2.0, '25%': 2.0, '50%': 2.0, '75%': 2.0, 'max': 2.0}"
Sara,sara_tax_liability,{'US': 160},{'QUESTION_ANSWERING': 160},{'en': 160},{'en': 160},{'en': 160},"{'count': 160.0, 'mean': 11.8875, 'std': 1.6822697306142318, 'min': 10.0, '25%': 10.0, '50%': 12.0, '75%': 13.0, 'max': 15.0}","{'count': 160.0, 'mean': 69.425, 'std': 23.34578733226879, 'min': 28.0, '25%': 55.0, '50%': 65.0, '75%': 78.0, 'max': 188.0}","{'count': 160.0, 'mean': 7.0, 'std': 5.015698625755191, 'min': 2.0, '25%': 2.0, '50%': 7.0, '75%': 12.0, 'max': 12.0}"
SaraProlog,sara_prolog_facts,{'US': 376},{'QUESTION_ANSWERING': 376},{'en': 376},{'en': 376},{'en': 376},"{'count': 376.0, 'mean': 21.80851063829787, 'std': 2.3507234437976448, 'min': 18.0, '25%': 21.0, '50%': 22.0, '75%': 23.0, 'max': 26.0}","{'count': 376.0, 'mean': 52.12765957446808, 'std': 19.57412389459959, 'min': 24.0, '25%': 39.0, '50%': 48.0, '75%': 59.0, 'max': 182.0}","{'count': 376.0, 'mean': 34.638297872340424, 'std': 20.984108813457755, 'min': 16.0, '25%': 21.0, '50%': 26.0, '75%': 42.0, 'max': 159.0}"
SaraProlog,sara_prolog_statute,{'US': 9},{'QUESTION_ANSWERING': 9},{'en': 9},{'en': 9},{'en': 9},"{'count': 9.0, 'mean': 12.666666666666666, 'std': 3.708099243547831, 'min': 8.0, '25%': 8.0, '50%': 15.0, '75%': 16.0, 'max': 16.0}","{'count': 9.0, 'mean': 486.1111111111111, 'std': 322.9382465907547, 'min': 62.0, '25%': 203.0, '50%': 549.0, '75%': 630.0, 'max': 1126.0}","{'count': 9.0, 'mean': 926.5555555555555, 'std': 596.2862381254306, 'min': 136.0, '25%': 556.0, '50%': 858.0, '75%': 1153.0, 'max': 2141.0}"
ShortAnswerFeedback,short_answer_feedback_error_class,{'GERMANY': 1596},{'QUESTION_ANSWERING': 1596},{'en': 1596},{'de': 1596},{'de': 1596},"{'count': 1596.0, 'mean': 15.174812030075188, 'std': 0.9704820389078035, 'min': 14.0, '25%': 14.0, '50%': 15.0, '75%': 16.0, 'max': 17.0}","{'count': 1596.0, 'mean': 44.27318295739348, 'std': 19.016588901169897, 'min': 13.0, '25%': 31.0, '50%': 40.0, '75%': 53.0, 'max': 158.0}","{'count': 1596.0, 'mean': 10.197994987468672, 'std': 2.83920532658264, 'min': 7.0, '25%': 7.0, '50%': 12.0, '75%': 12.0, 'max': 18.0}"
ShortAnswerFeedback,short_answer_feedback_openqa,{'GERMANY': 1596},{'QUESTION_ANSWERING': 1596},{'en': 1596},{'de': 1596},{'de': 1596},"{'count': 1596.0, 'mean': 12.473057644110275, 'std': 1.5068998004470302, 'min': 11.0, '25%': 11.0, '50%': 12.0, '75%': 14.0, 'max': 15.0}","{'count': 1596.0, 'mean': 21.612781954887218, 'std': 6.162313373374821, 'min': 11.0, '25%': 18.0, '50%': 21.0, '75%': 26.0, 'max': 33.0}","{'count': 1596.0, 'mean': 91.84774436090225, 'std': 63.66817387686613, 'min': 33.0, '25%': 48.0, '50%': 65.0, '75%': 114.0, 'max': 283.0}"
ShortAnswerFeedback,short_answer_feedback_rating,{'GERMANY': 1596},{'QUESTION_ANSWERING': 1596},{'en': 1596},{'de': 1596},{'de': 1596},"{'count': 1596.0, 'mean': 20.827067669172934, 'std': 5.33200372722508, 'min': 12.0, '25%': 19.0, '50%': 20.0, '75%': 21.0, 'max': 36.0}","{'count': 1596.0, 'mean': 44.27318295739348, 'std': 19.016588901169897, 'min': 13.0, '25%': 31.0, '50%': 40.0, '75%': 53.0, 'max': 158.0}","{'count': 1596.0, 'mean': 4.587719298245614, 'std': 0.4923994722574161, 'min': 4.0, '25%': 4.0, '50%': 5.0, '75%': 5.0, 'max': 5.0}"
SpanishLaborLaw,spanish_labor_law,{'SPAIN': 111},{'QUESTION_ANSWERING': 111},{'en': 111},{'es': 111},{'es': 111},"{'count': 111.0, 'mean': 18.18018018018018, 'std': 3.4010645344127126, 'min': 11.0, '25%': 16.0, '50%': 19.0, '75%': 20.0, 'max': 22.0}","{'count': 111.0, 'mean': 69.88288288288288, 'std': 28.35513060476766, 'min': 13.0, '25%': 53.0, '50%': 67.0, '75%': 82.5, 'max': 163.0}","{'count': 111.0, 'mean': 19.25225225225225, 'std': 16.200711807296095, 'min': 3.0, '25%': 8.0, '50%': 15.0, '75%': 23.0, 'max': 121.0}"
StackExchangeQuestionsLegal,stack_exchange_questions_legal,{'UNKNOWN': 10158},{'QUESTION_ANSWERING': 10158},{'en': 10158},{'en': 10158},{'en': 10158},"{'count': 10158.0, 'mean': 12.502067336089782, 'std': 2.591430515822551, 'min': 8.0, '25%': 10.0, '50%': 13.0, '75%': 15.0, 'max': 16.0}","{'count': 10158.0, 'mean': 152.19393581413664, 'std': 133.4697437122171, 'min': 6.0, '25%': 70.0, '50%': 115.0, '75%': 191.0, 'max': 2096.0}","{'count': 10158.0, 'mean': 293.1580035440047, 'std': 324.49340427892963, 'min': 7.0, '25%': 116.0, '50%': 201.0, '75%': 350.0, 'max': 4802.0}"
SwissCourtViewGeneration,swiss_judgment_court_view_generation_lower_court,{'SWITZERLAND': 26},{'TEXT_GENERATION': 26},{'en': 26},"{'de': 14, 'fr': 12}",{'en': 26},"{'count': 26.0, 'mean': 14.384615384615385, 'std': 1.2025613689761725, 'min': 13.0, '25%': 13.0, '50%': 14.0, '75%': 15.75, 'max': 16.0}","{'count': 26.0, 'mean': 3071.423076923077, 'std': 1975.7429422488528, 'min': 975.0, '25%': 1926.5, '50%': 2456.5, '75%': 3666.75, 'max': 8344.0}","{'count': 26.0, 'mean': 2435.0384615384614, 'std': 1870.9101844988547, 'min': 501.0, '25%': 1217.0, '50%': 1772.0, '75%': 2969.5, 'max': 7316.0}"
SwissCourtViewGeneration,swiss_judgment_court_view_generation_same_court,{'SWITZERLAND': 234313},{'TEXT_GENERATION': 234313},{'en': 234313},"{'de': 112743, 'fr': 89338, 'it': 32232}",{'en': 234313},"{'count': 234313.0, 'mean': 10.298348789866546, 'std': 0.45753435156517364, 'min': 10.0, '25%': 10.0, '50%': 10.0, '75%': 11.0, 'max': 11.0}","{'count': 234313.0, 'mean': 861.0152872439857, 'std': 1137.7481052705134, 'min': 20.0, '25%': 339.0, '50%': 554.0, '75%': 977.0, 'max': 212123.0}","{'count': 234313.0, 'mean': 2369.4259430761417, 'std': 2168.673031213996, 'min': 32.0, '25%': 1174.0, '50%': 1883.0, '75%': 2945.0, 'max': 206119.0}"
SwissCriticalityPrediction,swiss_judgment_criticality,{'SWITZERLAND': 161710},{'TEXT_CLASSIFICATION': 161710},{'en': 161710},"{'de': 100316, 'fr': 52313, 'it': 9081}",{'en': 161710},"{'count': 161710.0, 'mean': 19.396184527858512, 'std': 1.68262091429439, 'min': 17.0, '25%': 18.0, '50%': 19.0, '75%': 20.0, 'max': 22.0}","{'count': 161710.0, 'mean': 1068.2545358975945, 'std': 1134.5675399680097, 'min': 13.0, '25%': 325.0, '50%': 656.0, '75%': 1473.0, 'max': 25148.0}","{'count': 161710.0, 'mean': 2.0, 'std': 0.0, 'min': 2.0, '25%': 2.0, '50%': 2.0, '75%': 2.0, 'max': 2.0}"
SwissJudgmentPrediction,swiss_judgment_multiple_choice,{'SWITZERLAND': 477636},{'MULTIPLE_CHOICE': 477636},{'en': 477636},"{'de': 119418, 'fr': 119406, 'it': 119406, 'en': 119406}",{'en': 477636},"{'count': 477636.0, 'mean': 17.793849291091963, 'std': 3.8443183709822804, 'min': 11.0, '25%': 14.0, '50%': 17.0, '75%': 22.0, 'max': 23.0}","{'count': 477636.0, 'mean': 558.007947474646, 'std': 395.7866651266134, 'min': 21.0, '25%': 311.0, '50%': 462.0, '75%': 688.0, 'max': 12562.0}","{'count': 477636.0, 'mean': 2.0, 'std': 0.0, 'min': 2.0, '25%': 2.0, '50%': 2.0, '75%': 2.0, 'max': 2.0}"
SwissJudgmentPredictionXL,swiss_judgment_dismiss_approve,{'SWITZERLAND': 385719},{'TEXT_CLASSIFICATION': 385719},{'en': 385719},"{'de': 185753, 'fr': 142788, 'it': 57178}",{'en': 385719},"{'count': 385719.0, 'mean': 14.00459142536406, 'std': 1.4829506250856639, 'min': 11.0, '25%': 13.0, '50%': 14.0, '75%': 15.0, 'max': 16.0}","{'count': 385719.0, 'mean': 1630.2321379034997, 'std': 1654.6547817624237, 'min': 20.0, '25%': 545.0, '50%': 1145.0, '75%': 2167.0, 'max': 98569.0}","{'count': 385719.0, 'mean': 2.0, 'std': 0.0, 'min': 2.0, '25%': 2.0, '50%': 2.0, '75%': 2.0, 'max': 2.0}"
SwissLawAreaPrediction,swiss_judgment_area_of_law_main_area,{'SWITZERLAND': 18162},{'TEXT_CLASSIFICATION': 18162},{'en': 18162},"{'fr': 7397, 'it': 7275, 'de': 3490}",{'en': 18162},"{'count': 18162.0, 'mean': 10.307289946041186, 'std': 0.9071786587183326, 'min': 9.0, '25%': 10.0, '50%': 10.0, '75%': 11.0, 'max': 12.0}","{'count': 18162.0, 'mean': 1990.2286091840106, 'std': 3422.8879603066175, 'min': 22.0, '25%': 637.0, '50%': 1303.0, '75%': 2366.0, 'max': 212123.0}","{'count': 18162.0, 'mean': 5.0, 'std': 0.0, 'min': 5.0, '25%': 5.0, '50%': 5.0, '75%': 5.0, 'max': 5.0}"
SwissLawAreaPrediction,swiss_judgment_area_of_law_sub_area,{'SWITZERLAND': 18162},{'TEXT_CLASSIFICATION': 18162},{'en': 18162},"{'fr': 7397, 'it': 7275, 'de': 3490}",{'en': 18162},"{'count': 18162.0, 'mean': 9.912509635502698, 'std': 0.9428343502522148, 'min': 9.0, '25%': 9.0, '50%': 10.0, '75%': 11.0, 'max': 11.0}","{'count': 18162.0, 'mean': 1990.2286091840106, 'std': 3422.8879603066175, 'min': 22.0, '25%': 637.0, '50%': 1303.0, '75%': 2366.0, 'max': 212123.0}","{'count': 18162.0, 'mean': 4.895055610615571, 'std': 0.6951488907264751, 'min': 4.0, '25%': 4.0, '50%': 5.0, '75%': 5.0, 'max': 7.0}"
SwissLeadingDecisions,swiss_judgment_location,{'SWITZERLAND': 42342},{'TEXT_CLASSIFICATION': 42342},{'en': 42342},"{'de': 28896, 'fr': 11514, 'it': 1932}",{'en': 42342},"{'count': 42342.0, 'mean': 9.700793538330736, 'std': 1.0035758712462783, 'min': 8.0, '25%': 9.0, '50%': 10.0, '75%': 11.0, 'max': 11.0}","{'count': 42342.0, 'mean': 1003.0198856926928, 'std': 1157.0226417309648, 'min': 1.0, '25%': 276.0, '50%': 583.0, '75%': 1359.0, 'max': 17681.0}","{'count': 42342.0, 'mean': 5.0, 'std': 0.0, 'min': 5.0, '25%': 5.0, '50%': 5.0, '75%': 5.0, 'max': 5.0}"
SwissLegislation,swiss_legislation_abbreviation,{'SWITZERLAND': 11045},{'TEXT_CLASSIFICATION': 11045},{'en': 11045},"{'de': 5150, 'fr': 4175, 'it': 1508, 'rm': 212}",{'en': 11045},"{'count': 11045.0, 'mean': 8.281032141240381, 'std': 1.2571301977444247, 'min': 7.0, '25%': 7.0, '50%': 8.0, '75%': 9.0, 'max': 11.0}","{'count': 11045.0, 'mean': 4905.1001358080575, 'std': 8215.248181638546, 'min': 30.0, '25%': 1239.0, '50%': 2558.0, '75%': 5328.0, 'max': 203021.0}","{'count': 11045.0, 'mean': 2.107741059302852, 'std': 0.3923143539108182, 'min': 2.0, '25%': 2.0, '50%': 2.0, '75%': 2.0, 'max': 10.0}"
SwissLegislation,swiss_legislation_canton,{'SWITZERLAND': 35698},{'TEXT_CLASSIFICATION': 35698},{'en': 35698},"{'de': 17559, 'fr': 11197, 'it': 6201, 'rm': 534, 'en': 207}",{'en': 35698},"{'count': 35698.0, 'mean': 8.089276710179842, 'std': 0.7014980253988865, 'min': 7.0, '25%': 8.0, '50%': 8.0, '75%': 9.0, 'max': 9.0}","{'count': 35698.0, 'mean': 3251.2746932601267, 'std': 7299.767158617452, 'min': 1.0, '25%': 665.0, '50%': 1539.0, '75%': 3397.75, 'max': 632756.0}","{'count': 35698.0, 'mean': 2.0422992884755446, 'std': 0.20127392653025972, 'min': 2.0, '25%': 2.0, '50%': 2.0, '75%': 2.0, 'max': 3.0}"
SwissLegislation,swiss_legislation_short,{'SWITZERLAND': 3747},{'TEXT_CLASSIFICATION': 3747},{'en': 3747},"{'de': 2348, 'fr': 690, 'it': 636, 'rm': 73}",{'en': 3747},"{'count': 3747.0, 'mean': 8.871630637843609, 'std': 1.3482359137895419, 'min': 8.0, '25%': 8.0, '50%': 8.0, '75%': 9.0, 'max': 12.0}","{'count': 3747.0, 'mean': 4927.152388577529, 'std': 12822.089269995244, 'min': 38.0, '25%': 1199.5, '50%': 2435.0, '75%': 4963.0, 'max': 632756.0}","{'count': 3747.0, 'mean': 4.883106485188151, 'std': 2.2940998069662504, 'min': 3.0, '25%': 3.0, '50%': 4.0, '75%': 6.0, 'max': 19.0}"
SwissLegislation,swiss_legislation_title,{'SWITZERLAND': 35359},{'TEXT_CLASSIFICATION': 35359},{'en': 35359},"{'de': 17559, 'fr': 11197, 'it': 6201, 'rm': 402}",{'en': 35359},"{'count': 35359.0, 'mean': 9.7929522893747, 'std': 1.2488039836243934, 'min': 9.0, '25%': 9.0, '50%': 9.0, '75%': 10.0, 'max': 13.0}","{'count': 35359.0, 'mean': 3282.436296275347, 'std': 7327.703319926176, 'min': 7.0, '25%': 684.0, '50%': 1568.0, '75%': 3430.0, 'max': 632756.0}","{'count': 35359.0, 'mean': 13.946859356882264, 'std': 8.865517915257522, 'min': 2.0, '25%': 8.0, '50%': 12.0, '75%': 18.0, 'max': 114.0}"
TsccAlqac,tscc_alqac_question_answering,{'THAILAND': 2883},{'QUESTION_ANSWERING': 2883},{'en': 2883},{'th': 2883},{'en': 2883},"{'count': 2883.0, 'mean': 22.117238987166147, 'std': 4.979568708081778, 'min': 18.0, '25%': 19.0, '50%': 20.0, '75%': 22.0, 'max': 33.0}","{'count': 2883.0, 'mean': 34.99340964273326, 'std': 15.612754741294102, 'min': 5.0, '25%': 25.0, '50%': 32.0, '75%': 42.0, 'max': 103.0}","{'count': 2883.0, 'mean': 4.258758237946584, 'std': 3.2301798534550437, 'min': 2.0, '25%': 2.0, '50%': 2.0, '75%': 8.0, 'max': 10.0}"
TurkishConstitutionalCourt,turkish_constitutional_multiple_choice,{'TURKEY': 1804},{'MULTIPLE_CHOICE': 1804},{'en': 1804},{'tr': 1804},{'en': 1804},"{'count': 1804.0, 'mean': 17.63968957871397, 'std': 3.8605617334118922, 'min': 11.0, '25%': 14.0, '50%': 17.0, '75%': 22.0, 'max': 23.0}","{'count': 1804.0, 'mean': 1033.6308203991132, 'std': 1063.9429069369803, 'min': 52.0, '25%': 324.0, '50%': 753.0, '75%': 1361.0, 'max': 9809.0}","{'count': 1804.0, 'mean': 2.0, 'std': 0.0, 'min': 2.0, '25%': 2.0, '50%': 2.0, '75%': 2.0, 'max': 2.0}"
TurkishConstitutionalCourt,turkish_constitutional_violation_no_violation,{'TURKEY': 902},{'TEXT_CLASSIFICATION': 902},{'en': 902},{'tr': 902},{'en': 902},"{'count': 902.0, 'mean': 19.31929046563193, 'std': 2.2078571091253187, 'min': 16.0, '25%': 17.0, '50%': 19.0, '75%': 21.0, 'max': 23.0}","{'count': 902.0, 'mean': 1016.6308203991131, 'std': 1064.2380776756142, 'min': 35.0, '25%': 307.5, '50%': 736.0, '75%': 1341.5, 'max': 9792.0}","{'count': 902.0, 'mean': 2.1274944567627494, 'std': 0.3337110766144015, 'min': 2.0, '25%': 2.0, '50%': 2.0, '75%': 2.0, 'max': 3.0}"
USClassActions,us_class_actions_win_lose,{'US': 3000},{'TEXT_CLASSIFICATION': 3000},{'en': 3000},{'en': 3000},{'en': 3000},"{'count': 3000.0, 'mean': 18.342666666666666, 'std': 3.6377177670080947, 'min': 10.0, '25%': 17.0, '50%': 18.0, '75%': 21.0, 'max': 24.0}","{'count': 3000.0, 'mean': 1451.2426666666668, 'std': 1084.6286662082755, 'min': 0.0, '25%': 619.75, '50%': 1191.5, '75%': 2031.25, 'max': 7137.0}","{'count': 3000.0, 'mean': 3.0, 'std': 0.0, 'min': 3.0, '25%': 3.0, '50%': 3.0, '75%': 3.0, 'max': 3.0}"
ValidWills,valid_wills_entailment,{'US': 1512},{'TEXT_CLASSIFICATION': 1512},"{'en': 558, 'es': 62, 'cs': 62, 'da': 60, 'sv': 58, 'nl': 52, 'it': 50, 'lt': 50, 'pt': 46, 'ga': 42, 'el': 40, 'pl': 40, 'ro': 40, 'lv': 38, 'et': 38, 'de': 38, 'hr': 38, 'fr': 38, 'hu': 36, 'bg': 34, 'fi': 32, 'sk': 32, 'sl': 28}",{'en': 1512},{'en': 1512},"{'count': 1512.0, 'mean': 6.677910052910053, 'std': 9.485512384634355, 'min': 0.0, '25%': 0.0, '50%': 0.0, '75%': 19.0, 'max': 22.0}","{'count': 1512.0, 'mean': 210.9265873015873, 'std': 119.71080542955167, 'min': 53.0, '25%': 121.75, '50%': 190.5, '75%': 251.25, 'max': 745.0}","{'count': 1512.0, 'mean': 2.0, 'std': 0.0, 'min': 2.0, '25%': 2.0, '50%': 2.0, '75%': 2.0, 'max': 2.0}"
